[{  "model": "admin.logentry",  "pk": 1,  "fields": {    "action_time": "2025-03-21T08:34:26.777Z",    "user": 1,    "content_type": 9,    "object_id": "1",    "object_repr": "Sony WH-1000XM4 Black - 146995 Єхэух",    "action_flag": 1,    "change_message": "[{\"added\": {}}]"  }},{  "model": "admin.logentry",  "pk": 2,  "fields": {    "action_time": "2025-03-21T17:33:21.048Z",    "user": 1,    "content_type": 9,    "object_id": "1",    "object_repr": "Sony WH-1000XM4 Black - 146995 Єхэух",    "action_flag": 2,    "change_message": "[{\"changed\": {\"fields\": [\"\\u041e\\u043f\\u0438\\u0441\\u0430\\u043d\\u0438\\u0435 \\u0442\\u043e\\u0432\\u0430\\u0440\\u0430\"]}}]"  }},{  "model": "admin.logentry",  "pk": 3,  "fields": {    "action_time": "2025-03-21T18:35:49.383Z",    "user": 1,    "content_type": 9,    "object_id": "2",    "object_repr": "Noble Audio FoKus Rex5 Green - 387004 Єхэух",    "action_flag": 1,    "change_message": "[{\"added\": {}}]"  }},{  "model": "admin.logentry",  "pk": 4,  "fields": {    "action_time": "2025-03-21T19:10:13.287Z",    "user": 1,    "content_type": 9,    "object_id": "1",    "object_repr": "Sony WH-1000XM4 Black - 146995 Єхэух",    "action_flag": 2,    "change_message": "[{\"changed\": {\"fields\": [\"\\u0424\\u043e\\u0442\\u043e \\u0442\\u043e\\u0432\\u0430\\u0440\\u0430\"]}}]"  }},{  "model": "admin.logentry",  "pk": 5,  "fields": {    "action_time": "2025-03-22T08:02:29.935Z",    "user": 1,    "content_type": 9,    "object_id": "2",    "object_repr": "Noble Audio FoKus Rex5 Green - 387004 Єхэух",    "action_flag": 2,    "change_message": "[{\"changed\": {\"fields\": [\"\\u0424\\u043e\\u0442\\u043e \\u0442\\u043e\\u0432\\u0430\\u0440\\u0430\"]}}]"  }},{  "model": "admin.logentry",  "pk": 6,  "fields": {    "action_time": "2025-03-22T15:12:42.130Z",    "user": 1,    "content_type": 9,    "object_id": "3",    "object_repr": "Sony WF-1000XM5 Silver - 165335 Єхэух",    "action_flag": 1,    "change_message": "[{\"added\": {}}]"  }},{  "model": "admin.logentry",  "pk": 7,  "fields": {    "action_time": "2025-03-22T15:21:41.893Z",    "user": 1,    "content_type": 9,    "object_id": "4",    "object_repr": "Noble Audio FoKus Triumph - 206683 Єхэух",    "action_flag": 1,    "change_message": "[{\"added\": {}}]"  }},{  "model": "admin.logentry",  "pk": 8,  "fields": {    "action_time": "2025-03-22T15:24:24.756Z",    "user": 1,    "content_type": 9,    "object_id": "5",    "object_repr": "Beyerdynamic DT 770 PRO 80 ohm - 129893 Єхэух",    "action_flag": 1,    "change_message": "[{\"added\": {}}]"  }},{  "model": "admin.logentry",  "pk": 9,  "fields": {    "action_time": "2025-03-22T15:25:55.608Z",    "user": 1,    "content_type": 9,    "object_id": "6",    "object_repr": "Marshall Minor III Black - 82638 Єхэух",    "action_flag": 1,    "change_message": "[{\"added\": {}}]"  }},{  "model": "admin.logentry",  "pk": 10,  "fields": {    "action_time": "2025-03-22T15:28:22.830Z",    "user": 1,    "content_type": 9,    "object_id": "7",    "object_repr": "Radiotehnika S-20NA Black Ash - 236218 Єхэух",    "action_flag": 1,    "change_message": "[{\"added\": {}}]"  }},{  "model": "admin.logentry",  "pk": 11,  "fields": {    "action_time": "2025-03-22T15:30:01.837Z",    "user": 1,    "content_type": 9,    "object_id": "8",    "object_repr": "Amphion Argon3LS Full White - 2349769 Єхэух",    "action_flag": 1,    "change_message": "[{\"added\": {}}]"  }},{  "model": "admin.logentry",  "pk": 12,  "fields": {    "action_time": "2025-03-22T15:38:24.930Z",    "user": 1,    "content_type": 9,    "object_id": "9",    "object_repr": "Naim Mu-So 2nd Gen Black - 826909 Єхэух",    "action_flag": 1,    "change_message": "[{\"added\": {}}]"  }},{  "model": "admin.logentry",  "pk": 13,  "fields": {    "action_time": "2025-03-22T15:40:24.965Z",    "user": 1,    "content_type": 9,    "object_id": "10",    "object_repr": "Bowers & Wilkins 607 S3 Black - 448217 Єхэух",    "action_flag": 1,    "change_message": "[{\"added\": {}}]"  }},{  "model": "admin.logentry",  "pk": 14,  "fields": {    "action_time": "2025-03-22T15:42:06.822Z",    "user": 1,    "content_type": 9,    "object_id": "11",    "object_repr": "Klipsch Surround 3 Black - 236218 Єхэух",    "action_flag": 1,    "change_message": "[{\"added\": {}}]"  }},{  "model": "admin.logentry",  "pk": 15,  "fields": {    "action_time": "2025-03-22T15:44:49.515Z",    "user": 1,    "content_type": 9,    "object_id": "12",    "object_repr": "Wharfedale Diamond 12.3 Walnut Pearl - 336635 Єхэух",    "action_flag": 1,    "change_message": "[{\"added\": {}}]"  }},{  "model": "admin.logentry",  "pk": 16,  "fields": {    "action_time": "2025-03-23T15:58:16.634Z",    "user": 1,    "content_type": 9,    "object_id": "13",    "object_repr": "Premiera ECO BT - 118579 Єхэух - ┬шэшы",    "action_flag": 1,    "change_message": "[{\"added\": {}}]"  }},{  "model": "admin.logentry",  "pk": 17,  "fields": {    "action_time": "2025-03-23T15:59:49.768Z",    "user": 1,    "content_type": 9,    "object_id": "14",    "object_repr": "Lenco LS-55BK Black - 71567 Єхэух - ┬шэшы",    "action_flag": 1,    "change_message": "[{\"added\": {}}]"  }},{  "model": "admin.logentry",  "pk": 18,  "fields": {    "action_time": "2025-03-23T16:01:33.003Z",    "user": 1,    "content_type": 9,    "object_id": "15",    "object_repr": "Audio-Technica AT-LP140XP Silver - 418442 Єхэух - ┬шэшы",    "action_flag": 1,    "change_message": "[{\"added\": {}}]"  }},{  "model": "admin.logentry",  "pk": 19,  "fields": {    "action_time": "2025-03-23T16:03:19.604Z",    "user": 1,    "content_type": 9,    "object_id": "16",    "object_repr": "Denon DP-29F silver - 130856 Єхэух - ┬шэшы",    "action_flag": 1,    "change_message": "[{\"added\": {}}]"  }},{  "model": "admin.logentry",  "pk": 20,  "fields": {    "action_time": "2025-03-23T16:05:04.841Z",    "user": 1,    "content_type": 9,    "object_id": "14",    "object_repr": "Lenco LS-55BK Black - 71567 Єхэух - ┬шэшы",    "action_flag": 2,    "change_message": "[{\"changed\": {\"fields\": [\"\\u0424\\u043e\\u0442\\u043e \\u0442\\u043e\\u0432\\u0430\\u0440\\u0430\"]}}]"  }},{  "model": "admin.logentry",  "pk": 21,  "fields": {    "action_time": "2025-03-23T16:14:22.677Z",    "user": 1,    "content_type": 9,    "object_id": "17",    "object_repr": "Music Public Kingdom TT53AT Red Wood - 99415 Єхэух - ┬шэшы",    "action_flag": 1,    "change_message": "[{\"added\": {}}]"  }},{  "model": "admin.logentry",  "pk": 22,  "fields": {    "action_time": "2025-03-23T16:16:23.716Z",    "user": 1,    "content_type": 9,    "object_id": "18",    "object_repr": "Auris Funky Alaskan White Oak - 299324 Єхэух - ┬шэшы",    "action_flag": 1,    "change_message": "[{\"added\": {}}]"  }},{  "model": "admin.logentry",  "pk": 23,  "fields": {    "action_time": "2025-03-23T16:19:00.746Z",    "user": 1,    "content_type": 9,    "object_id": "19",    "object_repr": "Shure SM7B - 328729 Єхэух - ╠шъЁюЇюэ√",    "action_flag": 1,    "change_message": "[{\"added\": {}}]"  }},{  "model": "admin.logentry",  "pk": 24,  "fields": {    "action_time": "2025-03-23T16:20:45.369Z",    "user": 1,    "content_type": 9,    "object_id": "20",    "object_repr": "╤╬▐╟ 1973 Nickel - 449105 Єхэух - ╠шъЁюЇюэ√",    "action_flag": 1,    "change_message": "[{\"added\": {}}]"  }},{  "model": "admin.logentry",  "pk": 25,  "fields": {    "action_time": "2025-03-24T05:39:22.187Z",    "user": 1,    "content_type": 9,    "object_id": "21",    "object_repr": "RODE NT1 5th Generation Black - 192212 Єхэух - ╠шъЁюЇюэ√",    "action_flag": 1,    "change_message": "[{\"added\": {}}]"  }},{  "model": "admin.logentry",  "pk": 26,  "fields": {    "action_time": "2025-03-24T05:41:18.525Z",    "user": 1,    "content_type": 9,    "object_id": "22",    "object_repr": "Neumann U 87 Ai Studio Set - 2370793 Єхэух - ╠шъЁюЇюэ√",    "action_flag": 1,    "change_message": "[{\"added\": {}}]"  }},{  "model": "admin.logentry",  "pk": 27,  "fields": {    "action_time": "2025-03-24T05:43:08.570Z",    "user": 1,    "content_type": 9,    "object_id": "23",    "object_repr": "Shure MV7+ K Black - 215688 Єхэух - ╠шъЁюЇюэ√",    "action_flag": 1,    "change_message": "[{\"added\": {}}]"  }},{  "model": "admin.logentry",  "pk": 28,  "fields": {    "action_time": "2025-03-24T05:44:23.165Z",    "user": 1,    "content_type": 9,    "object_id": "24",    "object_repr": "╤╬▐╟ 023 Bomblet - 832027 Єхэух - ╠шъЁюЇюэ√",    "action_flag": 1,    "change_message": "[{\"added\": {}}]"  }},{  "model": "admin.logentry",  "pk": 29,  "fields": {    "action_time": "2025-03-24T06:28:49.797Z",    "user": 1,    "content_type": 9,    "object_id": "25",    "object_repr": "Hidizs AP80 PRO-X Black - 106923 Єхэух - ╧ыххЁ√",    "action_flag": 1,    "change_message": "[{\"added\": {}}]"  }},{  "model": "admin.logentry",  "pk": 30,  "fields": {    "action_time": "2025-03-24T06:30:01.776Z",    "user": 1,    "content_type": 9,    "object_id": "26",    "object_repr": "Astell&Kern SP3000T - 2291150 Єхэух - ╧ыххЁ√",    "action_flag": 1,    "change_message": "[{\"added\": {}}]"  }},{  "model": "admin.logentry",  "pk": 31,  "fields": {    "action_time": "2025-03-24T06:31:35.238Z",    "user": 1,    "content_type": 9,    "object_id": "27",    "object_repr": "Sony NW-WM1AM2 Black - 1069766 Єхэух - ╧ыххЁ√",    "action_flag": 1,    "change_message": "[{\"added\": {}}]"  }},{  "model": "admin.logentry",  "pk": 32,  "fields": {    "action_time": "2025-03-24T06:33:08.033Z",    "user": 1,    "content_type": 9,    "object_id": "28",    "object_repr": "Shanling M5 Ultra Black - 445701 Єхэух - ╧ыххЁ√",    "action_flag": 1,    "change_message": "[{\"added\": {}}]"  }},{  "model": "admin.logentry",  "pk": 33,  "fields": {    "action_time": "2025-03-24T06:34:19.676Z",    "user": 1,    "content_type": 9,    "object_id": "29",    "object_repr": "FiiO M17 Black - 1069766 Єхэух - ╧ыххЁ√",    "action_flag": 1,    "change_message": "[{\"added\": {}}]"  }},{  "model": "admin.logentry",  "pk": 34,  "fields": {    "action_time": "2025-03-24T06:35:46.394Z",    "user": 1,    "content_type": 9,    "object_id": "30",    "object_repr": "Shanling M3 Ultra Green - 356549 Єхэух - ╧ыххЁ√",    "action_flag": 1,    "change_message": "[{\"added\": {}}]"  }},{  "model": "admin.logentry",  "pk": 35,  "fields": {    "action_time": "2025-03-24T07:14:51.638Z",    "user": 1,    "content_type": 9,    "object_id": "31",    "object_repr": "Premiera ╤1 Pro - 236550 Єхэух - ╧ЁюшуЁ√трЄхыш",    "action_flag": 1,    "change_message": "[{\"added\": {}}]"  }},{  "model": "admin.logentry",  "pk": 36,  "fields": {    "action_time": "2025-03-24T07:16:13.878Z",    "user": 1,    "content_type": 9,    "object_id": "32",    "object_repr": "Cambridge Audio EVO 150 Black - 1601707 Єхэух - ╧ЁюшуЁ√трЄхыш",    "action_flag": 1,    "change_message": "[{\"added\": {}}]"  }},{  "model": "admin.logentry",  "pk": 37,  "fields": {    "action_time": "2025-03-24T07:17:31.967Z",    "user": 1,    "content_type": 9,    "object_id": "33",    "object_repr": "Naim Uniti Star - 2317361 Єхэух - ╧ЁюшуЁ√трЄхыш",    "action_flag": 1,    "change_message": "[{\"added\": {}}]"  }},{  "model": "admin.logentry",  "pk": 38,  "fields": {    "action_time": "2025-03-24T07:22:36.021Z",    "user": 1,    "content_type": 9,    "object_id": "34",    "object_repr": "Denon DCD-600NE Silver - 261453 Єхэух - ╧ЁюшуЁ√трЄхыш",    "action_flag": 1,    "change_message": "[{\"added\": {}}]"  }},{  "model": "admin.logentry",  "pk": 39,  "fields": {    "action_time": "2025-03-24T07:32:37.176Z",    "user": 1,    "content_type": 9,    "object_id": "35",    "object_repr": "Denon DCD-3000NE Black - 1782983 Єхэух - ╧ЁюшуЁ√трЄхыш",    "action_flag": 1,    "change_message": "[{\"added\": {}}]"  }},{  "model": "admin.logentry",  "pk": 40,  "fields": {    "action_time": "2025-03-24T07:33:55.006Z",    "user": 1,    "content_type": 9,    "object_id": "36",    "object_repr": "SMSL DP5 Black - 502223 Єхэух - ╧ЁюшуЁ√трЄхыш",    "action_flag": 1,    "change_message": "[{\"added\": {}}]"  }},{  "model": "admin.logentry",  "pk": 41,  "fields": {    "action_time": "2025-03-24T07:36:47.054Z",    "user": 1,    "content_type": 9,    "object_id": "37",    "object_repr": "Pioneer A-10AE Black - 237679 Єхэух - ╙ёшышЄхыш ш ╓└╧",    "action_flag": 1,    "change_message": "[{\"added\": {}}]"  }},{  "model": "admin.logentry",  "pk": 42,  "fields": {    "action_time": "2025-03-24T07:38:01.748Z",    "user": 1,    "content_type": 9,    "object_id": "38",    "object_repr": "SMSL A200 Black - 172301 Єхэух - ╙ёшышЄхыш ш ╓└╧",    "action_flag": 1,    "change_message": "[{\"added\": {}}]"  }},{  "model": "admin.logentry",  "pk": 43,  "fields": {    "action_time": "2025-03-24T07:39:25.532Z",    "user": 1,    "content_type": 9,    "object_id": "39",    "object_repr": "Onkyo TX-8220 Black - 267396 Єхэух - ╙ёшышЄхыш ш ╓└╧",    "action_flag": 1,    "change_message": "[{\"added\": {}}]"  }},{  "model": "admin.logentry",  "pk": 44,  "fields": {    "action_time": "2025-03-24T07:41:03.768Z",    "user": 1,    "content_type": 9,    "object_id": "40",    "object_repr": "SMSL M300 SE Black - 76670 Єхэух - ╙ёшышЄхыш ш ╓└╧",    "action_flag": 1,    "change_message": "[{\"added\": {}}]"  }},{  "model": "admin.logentry",  "pk": 45,  "fields": {    "action_time": "2025-03-24T07:42:34.184Z",    "user": 1,    "content_type": 9,    "object_id": "41",    "object_repr": "Cambridge Audio DacMagic 200M Silver - 432625 Єхэух - ╙ёшышЄхыш ш ╓└╧",    "action_flag": 1,    "change_message": "[{\"added\": {}}]"  }},{  "model": "admin.logentry",  "pk": 46,  "fields": {    "action_time": "2025-03-24T07:44:21.649Z",    "user": 1,    "content_type": 9,    "object_id": "42",    "object_repr": "Rotel RA-1592MKII Silver - 1504293 Єхэух - ╙ёшышЄхыш ш ╓└╧",    "action_flag": 1,    "change_message": "[{\"added\": {}}]"  }},{  "model": "admin.logentry",  "pk": 47,  "fields": {    "action_time": "2025-03-24T07:45:56.069Z",    "user": 1,    "content_type": 9,    "object_id": "32",    "object_repr": "Cambridge Audio EVO 150 Black - 1601707 Єхэух - ╧ЁюшуЁ√трЄхыш",    "action_flag": 3,    "change_message": ""  }},{  "model": "admin.logentry",  "pk": 48,  "fields": {    "action_time": "2025-03-24T07:45:56.069Z",    "user": 1,    "content_type": 9,    "object_id": "34",    "object_repr": "Denon DCD-600NE Silver - 261453 Єхэух - ╧ЁюшуЁ√трЄхыш",    "action_flag": 3,    "change_message": ""  }},{  "model": "admin.logentry",  "pk": 49,  "fields": {    "action_time": "2025-03-25T15:25:09.792Z",    "user": 1,    "content_type": 9,    "object_id": "8",    "object_repr": "Amphion Argon3LS Full White - 2349769 Єхэух - └ъєёЄшўхёъшх ёшёЄхь√",    "action_flag": 2,    "change_message": "[{\"changed\": {\"fields\": [\"\\u041f\\u043e\\u043b\\u043d\\u043e\\u0435 \\u043e\\u043f\\u0438\\u0441\\u0430\\u043d\\u0438\\u0435 \\u0442\\u043e\\u0432\\u0430\\u0440\\u0430\"]}}]"  }},{  "model": "admin.logentry",  "pk": 50,  "fields": {    "action_time": "2025-03-25T15:36:40.263Z",    "user": 1,    "content_type": 9,    "object_id": "8",    "object_repr": "Amphion Argon3LS Full White - 2349769 Єхэух - └ъєёЄшўхёъшх ёшёЄхь√",    "action_flag": 2,    "change_message": "[{\"changed\": {\"fields\": [\"\\u041f\\u043e\\u043b\\u043d\\u043e\\u0435 \\u043e\\u043f\\u0438\\u0441\\u0430\\u043d\\u0438\\u0435 \\u0442\\u043e\\u0432\\u0430\\u0440\\u0430\"]}}]"  }},{  "model": "admin.logentry",  "pk": 51,  "fields": {    "action_time": "2025-03-25T15:40:37.553Z",    "user": 1,    "content_type": 9,    "object_id": "8",    "object_repr": "Amphion Argon3LS Full White - 2349769 Єхэух - └ъєёЄшўхёъшх ёшёЄхь√",    "action_flag": 2,    "change_message": "[{\"changed\": {\"fields\": [\"\\u041f\\u043e\\u043b\\u043d\\u043e\\u0435 \\u043e\\u043f\\u0438\\u0441\\u0430\\u043d\\u0438\\u0435 \\u0442\\u043e\\u0432\\u0430\\u0440\\u0430\"]}}]"  }},{  "model": "admin.logentry",  "pk": 52,  "fields": {    "action_time": "2025-03-25T15:45:27.178Z",    "user": 1,    "content_type": 9,    "object_id": "8",    "object_repr": "Amphion Argon3LS Full White - 2349769 Єхэух - └ъєёЄшўхёъшх ёшёЄхь√",    "action_flag": 2,    "change_message": "[{\"changed\": {\"fields\": [\"\\u041f\\u043e\\u043b\\u043d\\u043e\\u0435 \\u043e\\u043f\\u0438\\u0441\\u0430\\u043d\\u0438\\u0435 \\u0442\\u043e\\u0432\\u0430\\u0440\\u0430\"]}}]"  }},{  "model": "admin.logentry",  "pk": 53,  "fields": {    "action_time": "2025-03-25T16:02:30.326Z",    "user": 1,    "content_type": 9,    "object_id": "26",    "object_repr": "Astell&Kern SP3000T - 2291150 Єхэух - ╧ыххЁ√",    "action_flag": 2,    "change_message": "[{\"changed\": {\"fields\": [\"\\u041f\\u043e\\u043b\\u043d\\u043e\\u0435 \\u043e\\u043f\\u0438\\u0441\\u0430\\u043d\\u0438\\u0435 \\u0442\\u043e\\u0432\\u0430\\u0440\\u0430\"]}}]"  }},{  "model": "admin.logentry",  "pk": 54,  "fields": {    "action_time": "2025-03-25T16:04:33.588Z",    "user": 1,    "content_type": 9,    "object_id": "15",    "object_repr": "Audio-Technica AT-LP140XP Silver - 418442 Єхэух - ┬шэшы",    "action_flag": 2,    "change_message": "[{\"changed\": {\"fields\": [\"\\u041f\\u043e\\u043b\\u043d\\u043e\\u0435 \\u043e\\u043f\\u0438\\u0441\\u0430\\u043d\\u0438\\u0435 \\u0442\\u043e\\u0432\\u0430\\u0440\\u0430\"]}}]"  }},{  "model": "admin.logentry",  "pk": 55,  "fields": {    "action_time": "2025-03-25T16:05:10.918Z",    "user": 1,    "content_type": 9,    "object_id": "18",    "object_repr": "Auris Funky Alaskan White Oak - 299324 Єхэух - ┬шэшы",    "action_flag": 2,    "change_message": "[{\"changed\": {\"fields\": [\"\\u041f\\u043e\\u043b\\u043d\\u043e\\u0435 \\u043e\\u043f\\u0438\\u0441\\u0430\\u043d\\u0438\\u0435 \\u0442\\u043e\\u0432\\u0430\\u0440\\u0430\"]}}]"  }},{  "model": "admin.logentry",  "pk": 56,  "fields": {    "action_time": "2025-03-25T16:05:43.268Z",    "user": 1,    "content_type": 9,    "object_id": "5",    "object_repr": "Beyerdynamic DT 770 PRO 80 ohm - 129893 Єхэух - ═рє°эшъш",    "action_flag": 2,    "change_message": "[{\"changed\": {\"fields\": [\"\\u041f\\u043e\\u043b\\u043d\\u043e\\u0435 \\u043e\\u043f\\u0438\\u0441\\u0430\\u043d\\u0438\\u0435 \\u0442\\u043e\\u0432\\u0430\\u0440\\u0430\"]}}]"  }},{  "model": "admin.logentry",  "pk": 57,  "fields": {    "action_time": "2025-03-25T16:06:14.185Z",    "user": 1,    "content_type": 9,    "object_id": "10",    "object_repr": "Bowers & Wilkins 607 S3 Black - 448217 Єхэух - └ъєёЄшўхёъшх ёшёЄхь√",    "action_flag": 2,    "change_message": "[{\"changed\": {\"fields\": [\"\\u041f\\u043e\\u043b\\u043d\\u043e\\u0435 \\u043e\\u043f\\u0438\\u0441\\u0430\\u043d\\u0438\\u0435 \\u0442\\u043e\\u0432\\u0430\\u0440\\u0430\"]}}]"  }},{  "model": "admin.logentry",  "pk": 58,  "fields": {    "action_time": "2025-03-25T16:06:43.503Z",    "user": 1,    "content_type": 9,    "object_id": "41",    "object_repr": "Cambridge Audio DacMagic 200M Silver - 432625 Єхэух - ╙ёшышЄхыш ш ╓└╧",    "action_flag": 2,    "change_message": "[{\"changed\": {\"fields\": [\"\\u041f\\u043e\\u043b\\u043d\\u043e\\u0435 \\u043e\\u043f\\u0438\\u0441\\u0430\\u043d\\u0438\\u0435 \\u0442\\u043e\\u0432\\u0430\\u0440\\u0430\"]}}]"  }},{  "model": "admin.logentry",  "pk": 59,  "fields": {    "action_time": "2025-03-25T17:42:14.477Z",    "user": 1,    "content_type": 9,    "object_id": "35",    "object_repr": "Denon DCD-3000NE Black - 1782983 Єхэух - ╧ЁюшуЁ√трЄхыш",    "action_flag": 2,    "change_message": "[{\"changed\": {\"fields\": [\"\\u041f\\u043e\\u043b\\u043d\\u043e\\u0435 \\u043e\\u043f\\u0438\\u0441\\u0430\\u043d\\u0438\\u0435 \\u0442\\u043e\\u0432\\u0430\\u0440\\u0430\"]}}]"  }},{  "model": "admin.logentry",  "pk": 60,  "fields": {    "action_time": "2025-03-25T17:43:13.080Z",    "user": 1,    "content_type": 9,    "object_id": "16",    "object_repr": "Denon DP-29F silver - 130856 Єхэух - ┬шэшы",    "action_flag": 2,    "change_message": "[{\"changed\": {\"fields\": [\"\\u041f\\u043e\\u043b\\u043d\\u043e\\u0435 \\u043e\\u043f\\u0438\\u0441\\u0430\\u043d\\u0438\\u0435 \\u0442\\u043e\\u0432\\u0430\\u0440\\u0430\"]}}]"  }},{  "model": "admin.logentry",  "pk": 61,  "fields": {    "action_time": "2025-03-25T17:43:58.708Z",    "user": 1,    "content_type": 9,    "object_id": "29",    "object_repr": "FiiO M17 Black - 1069766 Єхэух - ╧ыххЁ√",    "action_flag": 2,    "change_message": "[{\"changed\": {\"fields\": [\"\\u041f\\u043e\\u043b\\u043d\\u043e\\u0435 \\u043e\\u043f\\u0438\\u0441\\u0430\\u043d\\u0438\\u0435 \\u0442\\u043e\\u0432\\u0430\\u0440\\u0430\"]}}]"  }},{  "model": "admin.logentry",  "pk": 62,  "fields": {    "action_time": "2025-03-25T17:44:29.153Z",    "user": 1,    "content_type": 9,    "object_id": "25",    "object_repr": "Hidizs AP80 PRO-X Black - 106923 Єхэух - ╧ыххЁ√",    "action_flag": 2,    "change_message": "[{\"changed\": {\"fields\": [\"\\u041f\\u043e\\u043b\\u043d\\u043e\\u0435 \\u043e\\u043f\\u0438\\u0441\\u0430\\u043d\\u0438\\u0435 \\u0442\\u043e\\u0432\\u0430\\u0440\\u0430\"]}}]"  }},{  "model": "admin.logentry",  "pk": 63,  "fields": {    "action_time": "2025-03-25T17:45:22.288Z",    "user": 1,    "content_type": 9,    "object_id": "11",    "object_repr": "Klipsch Surround 3 Black - 236218 Єхэух - └ъєёЄшўхёъшх ёшёЄхь√",    "action_flag": 2,    "change_message": "[{\"changed\": {\"fields\": [\"\\u041f\\u043e\\u043b\\u043d\\u043e\\u0435 \\u043e\\u043f\\u0438\\u0441\\u0430\\u043d\\u0438\\u0435 \\u0442\\u043e\\u0432\\u0430\\u0440\\u0430\"]}}]"  }},{  "model": "admin.logentry",  "pk": 64,  "fields": {    "action_time": "2025-03-25T17:46:13.378Z",    "user": 1,    "content_type": 9,    "object_id": "14",    "object_repr": "Lenco LS-55BK Black - 71567 Єхэух - ┬шэшы",    "action_flag": 2,    "change_message": "[{\"changed\": {\"fields\": [\"\\u041f\\u043e\\u043b\\u043d\\u043e\\u0435 \\u043e\\u043f\\u0438\\u0441\\u0430\\u043d\\u0438\\u0435 \\u0442\\u043e\\u0432\\u0430\\u0440\\u0430\"]}}]"  }},{  "model": "admin.logentry",  "pk": 65,  "fields": {    "action_time": "2025-03-25T17:46:45.816Z",    "user": 1,    "content_type": 9,    "object_id": "6",    "object_repr": "Marshall Minor III Black - 82638 Єхэух - ═рє°эшъш",    "action_flag": 2,    "change_message": "[{\"changed\": {\"fields\": [\"\\u041f\\u043e\\u043b\\u043d\\u043e\\u0435 \\u043e\\u043f\\u0438\\u0441\\u0430\\u043d\\u0438\\u0435 \\u0442\\u043e\\u0432\\u0430\\u0440\\u0430\"]}}]"  }},{  "model": "admin.logentry",  "pk": 66,  "fields": {    "action_time": "2025-03-25T17:47:18.571Z",    "user": 1,    "content_type": 9,    "object_id": "17",    "object_repr": "Music Public Kingdom TT53AT Red Wood - 99415 Єхэух - ┬шэшы",    "action_flag": 2,    "change_message": "[{\"changed\": {\"fields\": [\"\\u041f\\u043e\\u043b\\u043d\\u043e\\u0435 \\u043e\\u043f\\u0438\\u0441\\u0430\\u043d\\u0438\\u0435 \\u0442\\u043e\\u0432\\u0430\\u0440\\u0430\"]}}]"  }},{  "model": "admin.logentry",  "pk": 67,  "fields": {    "action_time": "2025-03-25T17:47:54.494Z",    "user": 1,    "content_type": 9,    "object_id": "9",    "object_repr": "Naim Mu-So 2nd Gen Black - 826909 Єхэух - └ъєёЄшўхёъшх ёшёЄхь√",    "action_flag": 2,    "change_message": "[{\"changed\": {\"fields\": [\"\\u041f\\u043e\\u043b\\u043d\\u043e\\u0435 \\u043e\\u043f\\u0438\\u0441\\u0430\\u043d\\u0438\\u0435 \\u0442\\u043e\\u0432\\u0430\\u0440\\u0430\"]}}]"  }},{  "model": "admin.logentry",  "pk": 68,  "fields": {    "action_time": "2025-03-25T17:48:31.311Z",    "user": 1,    "content_type": 9,    "object_id": "33",    "object_repr": "Naim Uniti Star - 2317361 Єхэух - ╧ЁюшуЁ√трЄхыш",    "action_flag": 2,    "change_message": "[{\"changed\": {\"fields\": [\"\\u041f\\u043e\\u043b\\u043d\\u043e\\u0435 \\u043e\\u043f\\u0438\\u0441\\u0430\\u043d\\u0438\\u0435 \\u0442\\u043e\\u0432\\u0430\\u0440\\u0430\"]}}]"  }},{  "model": "admin.logentry",  "pk": 69,  "fields": {    "action_time": "2025-03-25T17:49:18.723Z",    "user": 1,    "content_type": 9,    "object_id": "22",    "object_repr": "Neumann U 87 Ai Studio Set - 2370793 Єхэух - ╠шъЁюЇюэ√",    "action_flag": 2,    "change_message": "[{\"changed\": {\"fields\": [\"\\u041f\\u043e\\u043b\\u043d\\u043e\\u0435 \\u043e\\u043f\\u0438\\u0441\\u0430\\u043d\\u0438\\u0435 \\u0442\\u043e\\u0432\\u0430\\u0440\\u0430\"]}}]"  }},{  "model": "admin.logentry",  "pk": 70,  "fields": {    "action_time": "2025-03-25T17:49:47.417Z",    "user": 1,    "content_type": 9,    "object_id": "2",    "object_repr": "Noble Audio FoKus Rex5 Green - 387004 Єхэух - ═рє°эшъш",    "action_flag": 2,    "change_message": "[{\"changed\": {\"fields\": [\"\\u041f\\u043e\\u043b\\u043d\\u043e\\u0435 \\u043e\\u043f\\u0438\\u0441\\u0430\\u043d\\u0438\\u0435 \\u0442\\u043e\\u0432\\u0430\\u0440\\u0430\"]}}]"  }},{  "model": "admin.logentry",  "pk": 71,  "fields": {    "action_time": "2025-03-25T17:50:41.271Z",    "user": 1,    "content_type": 9,    "object_id": "39",    "object_repr": "Onkyo TX-8220 Black - 267396 Єхэух - ╙ёшышЄхыш ш ╓└╧",    "action_flag": 2,    "change_message": "[{\"changed\": {\"fields\": [\"\\u041f\\u043e\\u043b\\u043d\\u043e\\u0435 \\u043e\\u043f\\u0438\\u0441\\u0430\\u043d\\u0438\\u0435 \\u0442\\u043e\\u0432\\u0430\\u0440\\u0430\"]}}]"  }},{  "model": "admin.logentry",  "pk": 72,  "fields": {    "action_time": "2025-03-25T17:51:14.388Z",    "user": 1,    "content_type": 9,    "object_id": "37",    "object_repr": "Pioneer A-10AE Black - 237679 Єхэух - ╙ёшышЄхыш ш ╓└╧",    "action_flag": 2,    "change_message": "[{\"changed\": {\"fields\": [\"\\u041f\\u043e\\u043b\\u043d\\u043e\\u0435 \\u043e\\u043f\\u0438\\u0441\\u0430\\u043d\\u0438\\u0435 \\u0442\\u043e\\u0432\\u0430\\u0440\\u0430\"]}}]"  }},{  "model": "admin.logentry",  "pk": 73,  "fields": {    "action_time": "2025-03-25T17:51:53.120Z",    "user": 1,    "content_type": 9,    "object_id": "13",    "object_repr": "Premiera ECO BT - 118579 Єхэух - ┬шэшы",    "action_flag": 2,    "change_message": "[{\"changed\": {\"fields\": [\"\\u041f\\u043e\\u043b\\u043d\\u043e\\u0435 \\u043e\\u043f\\u0438\\u0441\\u0430\\u043d\\u0438\\u0435 \\u0442\\u043e\\u0432\\u0430\\u0440\\u0430\"]}}]"  }},{  "model": "admin.logentry",  "pk": 74,  "fields": {    "action_time": "2025-03-25T17:52:24.582Z",    "user": 1,    "content_type": 9,    "object_id": "31",    "object_repr": "Premiera ╤1 Pro - 236550 Єхэух - ╧ЁюшуЁ√трЄхыш",    "action_flag": 2,    "change_message": "[{\"changed\": {\"fields\": [\"\\u041f\\u043e\\u043b\\u043d\\u043e\\u0435 \\u043e\\u043f\\u0438\\u0441\\u0430\\u043d\\u0438\\u0435 \\u0442\\u043e\\u0432\\u0430\\u0440\\u0430\"]}}]"  }},{  "model": "admin.logentry",  "pk": 75,  "fields": {    "action_time": "2025-03-25T17:52:51.914Z",    "user": 1,    "content_type": 9,    "object_id": "7",    "object_repr": "Radiotehnika S-20NA Black Ash - 236218 Єхэух - └ъєёЄшўхёъшх ёшёЄхь√",    "action_flag": 2,    "change_message": "[{\"changed\": {\"fields\": [\"\\u041f\\u043e\\u043b\\u043d\\u043e\\u0435 \\u043e\\u043f\\u0438\\u0441\\u0430\\u043d\\u0438\\u0435 \\u0442\\u043e\\u0432\\u0430\\u0440\\u0430\"]}}]"  }},{  "model": "admin.logentry",  "pk": 76,  "fields": {    "action_time": "2025-03-25T17:53:21.639Z",    "user": 1,    "content_type": 9,    "object_id": "21",    "object_repr": "RODE NT1 5th Generation Black - 192212 Єхэух - ╠шъЁюЇюэ√",    "action_flag": 2,    "change_message": "[{\"changed\": {\"fields\": [\"\\u041f\\u043e\\u043b\\u043d\\u043e\\u0435 \\u043e\\u043f\\u0438\\u0441\\u0430\\u043d\\u0438\\u0435 \\u0442\\u043e\\u0432\\u0430\\u0440\\u0430\"]}}]"  }},{  "model": "admin.logentry",  "pk": 77,  "fields": {    "action_time": "2025-03-25T17:54:09.271Z",    "user": 1,    "content_type": 9,    "object_id": "42",    "object_repr": "Rotel RA-1592MKII Silver - 1504293 Єхэух - ╙ёшышЄхыш ш ╓└╧",    "action_flag": 2,    "change_message": "[{\"changed\": {\"fields\": [\"\\u041f\\u043e\\u043b\\u043d\\u043e\\u0435 \\u043e\\u043f\\u0438\\u0441\\u0430\\u043d\\u0438\\u0435 \\u0442\\u043e\\u0432\\u0430\\u0440\\u0430\"]}}]"  }},{  "model": "admin.logentry",  "pk": 78,  "fields": {    "action_time": "2025-03-25T17:54:42.795Z",    "user": 1,    "content_type": 9,    "object_id": "30",    "object_repr": "Shanling M3 Ultra Green - 356549 Єхэух - ╧ыххЁ√",    "action_flag": 2,    "change_message": "[{\"changed\": {\"fields\": [\"\\u041f\\u043e\\u043b\\u043d\\u043e\\u0435 \\u043e\\u043f\\u0438\\u0441\\u0430\\u043d\\u0438\\u0435 \\u0442\\u043e\\u0432\\u0430\\u0440\\u0430\"]}}]"  }},{  "model": "admin.logentry",  "pk": 79,  "fields": {    "action_time": "2025-03-25T17:55:11.073Z",    "user": 1,    "content_type": 9,    "object_id": "28",    "object_repr": "Shanling M5 Ultra Black - 445701 Єхэух - ╧ыххЁ√",    "action_flag": 2,    "change_message": "[{\"changed\": {\"fields\": [\"\\u041f\\u043e\\u043b\\u043d\\u043e\\u0435 \\u043e\\u043f\\u0438\\u0441\\u0430\\u043d\\u0438\\u0435 \\u0442\\u043e\\u0432\\u0430\\u0440\\u0430\"]}}]"  }},{  "model": "admin.logentry",  "pk": 80,  "fields": {    "action_time": "2025-03-25T17:55:35.826Z",    "user": 1,    "content_type": 9,    "object_id": "23",    "object_repr": "Shure MV7+ K Black - 215688 Єхэух - ╠шъЁюЇюэ√",    "action_flag": 2,    "change_message": "[{\"changed\": {\"fields\": [\"\\u041f\\u043e\\u043b\\u043d\\u043e\\u0435 \\u043e\\u043f\\u0438\\u0441\\u0430\\u043d\\u0438\\u0435 \\u0442\\u043e\\u0432\\u0430\\u0440\\u0430\"]}}]"  }},{  "model": "admin.logentry",  "pk": 81,  "fields": {    "action_time": "2025-03-25T17:56:19.203Z",    "user": 1,    "content_type": 9,    "object_id": "19",    "object_repr": "Shure SM7B - 328729 Єхэух - ╠шъЁюЇюэ√",    "action_flag": 2,    "change_message": "[{\"changed\": {\"fields\": [\"\\u041f\\u043e\\u043b\\u043d\\u043e\\u0435 \\u043e\\u043f\\u0438\\u0441\\u0430\\u043d\\u0438\\u0435 \\u0442\\u043e\\u0432\\u0430\\u0440\\u0430\"]}}]"  }},{  "model": "admin.logentry",  "pk": 82,  "fields": {    "action_time": "2025-03-25T17:56:49.311Z",    "user": 1,    "content_type": 9,    "object_id": "38",    "object_repr": "SMSL A200 Black - 172301 Єхэух - ╙ёшышЄхыш ш ╓└╧",    "action_flag": 2,    "change_message": "[{\"changed\": {\"fields\": [\"\\u041f\\u043e\\u043b\\u043d\\u043e\\u0435 \\u043e\\u043f\\u0438\\u0441\\u0430\\u043d\\u0438\\u0435 \\u0442\\u043e\\u0432\\u0430\\u0440\\u0430\"]}}]"  }},{  "model": "admin.logentry",  "pk": 83,  "fields": {    "action_time": "2025-03-25T17:57:39.125Z",    "user": 1,    "content_type": 9,    "object_id": "36",    "object_repr": "SMSL DP5 Black - 502223 Єхэух - ╧ЁюшуЁ√трЄхыш",    "action_flag": 2,    "change_message": "[{\"changed\": {\"fields\": [\"\\u041f\\u043e\\u043b\\u043d\\u043e\\u0435 \\u043e\\u043f\\u0438\\u0441\\u0430\\u043d\\u0438\\u0435 \\u0442\\u043e\\u0432\\u0430\\u0440\\u0430\"]}}]"  }},{  "model": "admin.logentry",  "pk": 84,  "fields": {    "action_time": "2025-03-25T17:58:11.766Z",    "user": 1,    "content_type": 9,    "object_id": "40",    "object_repr": "SMSL M300 SE Black - 76670 Єхэух - ╙ёшышЄхыш ш ╓└╧",    "action_flag": 2,    "change_message": "[{\"changed\": {\"fields\": [\"\\u041f\\u043e\\u043b\\u043d\\u043e\\u0435 \\u043e\\u043f\\u0438\\u0441\\u0430\\u043d\\u0438\\u0435 \\u0442\\u043e\\u0432\\u0430\\u0440\\u0430\"]}}]"  }},{  "model": "admin.logentry",  "pk": 85,  "fields": {    "action_time": "2025-03-25T17:59:26.769Z",    "user": 1,    "content_type": 9,    "object_id": "27",    "object_repr": "Sony NW-WM1AM2 Black - 1069766 Єхэух - ╧ыххЁ√",    "action_flag": 2,    "change_message": "[{\"changed\": {\"fields\": [\"\\u041f\\u043e\\u043b\\u043d\\u043e\\u0435 \\u043e\\u043f\\u0438\\u0441\\u0430\\u043d\\u0438\\u0435 \\u0442\\u043e\\u0432\\u0430\\u0440\\u0430\"]}}]"  }},{  "model": "admin.logentry",  "pk": 86,  "fields": {    "action_time": "2025-03-25T18:00:04.391Z",    "user": 1,    "content_type": 9,    "object_id": "3",    "object_repr": "Sony WF-1000XM5 Silver - 165335 Єхэух - ═рє°эшъш",    "action_flag": 2,    "change_message": "[{\"changed\": {\"fields\": [\"\\u041f\\u043e\\u043b\\u043d\\u043e\\u0435 \\u043e\\u043f\\u0438\\u0441\\u0430\\u043d\\u0438\\u0435 \\u0442\\u043e\\u0432\\u0430\\u0440\\u0430\"]}}]"  }},{  "model": "admin.logentry",  "pk": 87,  "fields": {    "action_time": "2025-03-25T18:01:08.381Z",    "user": 1,    "content_type": 9,    "object_id": "1",    "object_repr": "Sony WH-1000XM4 Black - 146995 Єхэух - ═рє°эшъш",    "action_flag": 2,    "change_message": "[{\"changed\": {\"fields\": [\"\\u041f\\u043e\\u043b\\u043d\\u043e\\u0435 \\u043e\\u043f\\u0438\\u0441\\u0430\\u043d\\u0438\\u0435 \\u0442\\u043e\\u0432\\u0430\\u0440\\u0430\"]}}]"  }},{  "model": "admin.logentry",  "pk": 88,  "fields": {    "action_time": "2025-03-25T18:01:45.190Z",    "user": 1,    "content_type": 9,    "object_id": "12",    "object_repr": "Wharfedale Diamond 12.3 Walnut Pearl - 336635 Єхэух - └ъєёЄшўхёъшх ёшёЄхь√",    "action_flag": 2,    "change_message": "[{\"changed\": {\"fields\": [\"\\u041f\\u043e\\u043b\\u043d\\u043e\\u0435 \\u043e\\u043f\\u0438\\u0441\\u0430\\u043d\\u0438\\u0435 \\u0442\\u043e\\u0432\\u0430\\u0440\\u0430\"]}}]"  }},{  "model": "admin.logentry",  "pk": 89,  "fields": {    "action_time": "2025-03-25T18:02:20.906Z",    "user": 1,    "content_type": 9,    "object_id": "24",    "object_repr": "╤╬▐╟ 023 Bomblet - 832027 Єхэух - ╠шъЁюЇюэ√",    "action_flag": 2,    "change_message": "[{\"changed\": {\"fields\": [\"\\u041f\\u043e\\u043b\\u043d\\u043e\\u0435 \\u043e\\u043f\\u0438\\u0441\\u0430\\u043d\\u0438\\u0435 \\u0442\\u043e\\u0432\\u0430\\u0440\\u0430\"]}}]"  }},{  "model": "admin.logentry",  "pk": 90,  "fields": {    "action_time": "2025-03-25T18:02:59.231Z",    "user": 1,    "content_type": 9,    "object_id": "20",    "object_repr": "╤╬▐╟ 1973 Nickel - 449105 Єхэух - ╠шъЁюЇюэ√",    "action_flag": 2,    "change_message": "[{\"changed\": {\"fields\": [\"\\u041f\\u043e\\u043b\\u043d\\u043e\\u0435 \\u043e\\u043f\\u0438\\u0441\\u0430\\u043d\\u0438\\u0435 \\u0442\\u043e\\u0432\\u0430\\u0440\\u0430\"]}}]"  }},{  "model": "admin.logentry",  "pk": 91,  "fields": {    "action_time": "2025-03-31T07:10:44.812Z",    "user": 1,    "content_type": 9,    "object_id": "5",    "object_repr": "Beyerdynamic DT 770 PRO 80 ohm - 129893 Єхэух - ═рє°эшъш",    "action_flag": 2,    "change_message": "[{\"changed\": {\"fields\": [\"\\u0424\\u043e\\u0442\\u043e \\u0442\\u043e\\u0432\\u0430\\u0440\\u0430\"]}}]"  }},{  "model": "admin.logentry",  "pk": 92,  "fields": {    "action_time": "2025-03-31T07:10:56.970Z",    "user": 1,    "content_type": 9,    "object_id": "8",    "object_repr": "Amphion Argon3LS Full White - 850000 Єхэух - └ъєёЄшўхёъшх ёшёЄхь√",    "action_flag": 2,    "change_message": "[{\"changed\": {\"fields\": [\"\\u0426\\u0435\\u043d\\u0430 \\u0442\\u043e\\u0432\\u0430\\u0440\\u0430\"]}}]"  }},{  "model": "admin.logentry",  "pk": 93,  "fields": {    "action_time": "2025-03-31T07:11:11.191Z",    "user": 1,    "content_type": 9,    "object_id": "26",    "object_repr": "Astell&Kern SP3000T - 999999 Єхэух - ╧ыххЁ√",    "action_flag": 2,    "change_message": "[{\"changed\": {\"fields\": [\"\\u0426\\u0435\\u043d\\u0430 \\u0442\\u043e\\u0432\\u0430\\u0440\\u0430\"]}}]"  }},{  "model": "admin.logentry",  "pk": 94,  "fields": {    "action_time": "2025-03-31T07:11:31.434Z",    "user": 1,    "content_type": 9,    "object_id": "35",    "object_repr": "Denon DCD-3000NE Black - 920000 Єхэух - ╧ЁюшуЁ√трЄхыш",    "action_flag": 2,    "change_message": "[{\"changed\": {\"fields\": [\"\\u0426\\u0435\\u043d\\u0430 \\u0442\\u043e\\u0432\\u0430\\u0440\\u0430\"]}}]"  }},{  "model": "admin.logentry",  "pk": 95,  "fields": {    "action_time": "2025-03-31T07:11:46.790Z",    "user": 1,    "content_type": 9,    "object_id": "29",    "object_repr": "FiiO M17 Black - 999999 Єхэух - ╧ыххЁ√",    "action_flag": 2,    "change_message": "[{\"changed\": {\"fields\": [\"\\u0426\\u0435\\u043d\\u0430 \\u0442\\u043e\\u0432\\u0430\\u0440\\u0430\"]}}]"  }},{  "model": "admin.logentry",  "pk": 96,  "fields": {    "action_time": "2025-03-31T07:12:09.964Z",    "user": 1,    "content_type": 9,    "object_id": "33",    "object_repr": "Naim Uniti Star - 790000 Єхэух - ╧ЁюшуЁ√трЄхыш",    "action_flag": 2,    "change_message": "[{\"changed\": {\"fields\": [\"\\u0426\\u0435\\u043d\\u0430 \\u0442\\u043e\\u0432\\u0430\\u0440\\u0430\"]}}]"  }},{  "model": "admin.logentry",  "pk": 97,  "fields": {    "action_time": "2025-03-31T07:12:28.070Z",    "user": 1,    "content_type": 9,    "object_id": "22",    "object_repr": "Neumann U 87 Ai Studio Set - 965565 Єхэух - ╠шъЁюЇюэ√",    "action_flag": 2,    "change_message": "[{\"changed\": {\"fields\": [\"\\u0426\\u0435\\u043d\\u0430 \\u0442\\u043e\\u0432\\u0430\\u0440\\u0430\"]}}]"  }},{  "model": "admin.logentry",  "pk": 98,  "fields": {    "action_time": "2025-03-31T07:12:51.196Z",    "user": 1,    "content_type": 9,    "object_id": "42",    "object_repr": "Rotel RA-1592MKII Silver - 648965 Єхэух - ╙ёшышЄхыш ш ╓└╧",    "action_flag": 2,    "change_message": "[{\"changed\": {\"fields\": [\"\\u0426\\u0435\\u043d\\u0430 \\u0442\\u043e\\u0432\\u0430\\u0440\\u0430\"]}}]"  }},{  "model": "admin.logentry",  "pk": 99,  "fields": {    "action_time": "2025-03-31T07:13:18.330Z",    "user": 1,    "content_type": 9,    "object_id": "27",    "object_repr": "Sony NW-WM1AM2 Black - 969766 Єхэух - ╧ыххЁ√",    "action_flag": 2,    "change_message": "[{\"changed\": {\"fields\": [\"\\u0426\\u0435\\u043d\\u0430 \\u0442\\u043e\\u0432\\u0430\\u0440\\u0430\"]}}]"  }},{  "model": "admin.logentry",  "pk": 100,  "fields": {    "action_time": "2025-03-31T08:22:44.750Z",    "user": 1,    "content_type": 9,    "object_id": "4",    "object_repr": "Noble Audio FoKus Triumph - 206683 Єхэух - ═рє°эшъш",    "action_flag": 2,    "change_message": "[{\"changed\": {\"fields\": [\"\\u041f\\u043e\\u043b\\u043d\\u043e\\u0435 \\u043e\\u043f\\u0438\\u0441\\u0430\\u043d\\u0438\\u0435 \\u0442\\u043e\\u0432\\u0430\\u0440\\u0430\"]}}]"  }},{  "model": "admin.logentry",  "pk": 101,  "fields": {    "action_time": "2025-03-31T08:24:03.088Z",    "user": 1,    "content_type": 9,    "object_id": "4",    "object_repr": "Noble Audio FoKus Triumph - 206683 Єхэух - ═рє°эшъш",    "action_flag": 2,    "change_message": "[{\"changed\": {\"fields\": [\"\\u041f\\u043e\\u043b\\u043d\\u043e\\u0435 \\u043e\\u043f\\u0438\\u0441\\u0430\\u043d\\u0438\\u0435 \\u0442\\u043e\\u0432\\u0430\\u0440\\u0430\"]}}]"  }},{  "model": "admin.logentry",  "pk": 102,  "fields": {    "action_time": "2025-04-03T17:48:00.160Z",    "user": 1,    "content_type": 9,    "object_id": "8",    "object_repr": "Amphion Argon3LS Full White - 850000 Єхэух - └ъєёЄшўхёъшх ёшёЄхь√",    "action_flag": 2,    "change_message": "[{\"changed\": {\"fields\": [\"\\u0424\\u043e\\u0442\\u043e \\u0442\\u043e\\u0432\\u0430\\u0440\\u0430\"]}}]"  }},{  "model": "admin.logentry",  "pk": 103,  "fields": {    "action_time": "2025-04-03T17:48:36.538Z",    "user": 1,    "content_type": 9,    "object_id": "26",    "object_repr": "Astell&Kern SP3000T - 999999 Єхэух - ╧ыххЁ√",    "action_flag": 2,    "change_message": "[{\"changed\": {\"fields\": [\"\\u0424\\u043e\\u0442\\u043e \\u0442\\u043e\\u0432\\u0430\\u0440\\u0430\"]}}]"  }},{  "model": "admin.logentry",  "pk": 104,  "fields": {    "action_time": "2025-04-03T17:49:37.810Z",    "user": 1,    "content_type": 9,    "object_id": "15",    "object_repr": "Audio-Technica AT-LP140XP Silver - 418442 Єхэух - ┬шэшы",    "action_flag": 2,    "change_message": "[{\"changed\": {\"fields\": [\"\\u0424\\u043e\\u0442\\u043e \\u0442\\u043e\\u0432\\u0430\\u0440\\u0430\"]}}]"  }},{  "model": "admin.logentry",  "pk": 105,  "fields": {    "action_time": "2025-04-03T17:49:52.749Z",    "user": 1,    "content_type": 9,    "object_id": "18",    "object_repr": "Auris Funky Alaskan White Oak - 299324 Єхэух - ┬шэшы",    "action_flag": 2,    "change_message": "[{\"changed\": {\"fields\": [\"\\u0424\\u043e\\u0442\\u043e \\u0442\\u043e\\u0432\\u0430\\u0440\\u0430\"]}}]"  }},{  "model": "admin.logentry",  "pk": 106,  "fields": {    "action_time": "2025-04-03T17:50:11.720Z",    "user": 1,    "content_type": 9,    "object_id": "5",    "object_repr": "Beyerdynamic DT 770 PRO 80 ohm - 129893 Єхэух - ═рє°эшъш",    "action_flag": 2,    "change_message": "[{\"changed\": {\"fields\": [\"\\u0424\\u043e\\u0442\\u043e \\u0442\\u043e\\u0432\\u0430\\u0440\\u0430\"]}}]"  }},{  "model": "admin.logentry",  "pk": 107,  "fields": {    "action_time": "2025-04-03T17:50:39.852Z",    "user": 1,    "content_type": 9,    "object_id": "10",    "object_repr": "Bowers & Wilkins 607 S3 Black - 448217 Єхэух - └ъєёЄшўхёъшх ёшёЄхь√",    "action_flag": 2,    "change_message": "[{\"changed\": {\"fields\": [\"\\u0424\\u043e\\u0442\\u043e \\u0442\\u043e\\u0432\\u0430\\u0440\\u0430\"]}}]"  }},{  "model": "admin.logentry",  "pk": 108,  "fields": {    "action_time": "2025-04-03T17:50:53.493Z",    "user": 1,    "content_type": 9,    "object_id": "41",    "object_repr": "Cambridge Audio DacMagic 200M Silver - 432625 Єхэух - ╙ёшышЄхыш ш ╓└╧",    "action_flag": 2,    "change_message": "[{\"changed\": {\"fields\": [\"\\u0424\\u043e\\u0442\\u043e \\u0442\\u043e\\u0432\\u0430\\u0440\\u0430\"]}}]"  }},{  "model": "admin.logentry",  "pk": 109,  "fields": {    "action_time": "2025-04-03T17:51:39.159Z",    "user": 1,    "content_type": 9,    "object_id": "35",    "object_repr": "Denon DCD-3000NE Black - 920000 Єхэух - ╧ЁюшуЁ√трЄхыш",    "action_flag": 2,    "change_message": "[{\"changed\": {\"fields\": [\"\\u0424\\u043e\\u0442\\u043e \\u0442\\u043e\\u0432\\u0430\\u0440\\u0430\"]}}]"  }},{  "model": "admin.logentry",  "pk": 110,  "fields": {    "action_time": "2025-04-03T17:51:59.642Z",    "user": 1,    "content_type": 9,    "object_id": "16",    "object_repr": "Denon DP-29F silver - 130856 Єхэух - ┬шэшы",    "action_flag": 2,    "change_message": "[{\"changed\": {\"fields\": [\"\\u0424\\u043e\\u0442\\u043e \\u0442\\u043e\\u0432\\u0430\\u0440\\u0430\"]}}]"  }},{  "model": "admin.logentry",  "pk": 111,  "fields": {    "action_time": "2025-04-03T17:52:15.558Z",    "user": 1,    "content_type": 9,    "object_id": "29",    "object_repr": "FiiO M17 Black - 999999 Єхэух - ╧ыххЁ√",    "action_flag": 2,    "change_message": "[{\"changed\": {\"fields\": [\"\\u0424\\u043e\\u0442\\u043e \\u0442\\u043e\\u0432\\u0430\\u0440\\u0430\"]}}]"  }},{  "model": "admin.logentry",  "pk": 112,  "fields": {    "action_time": "2025-04-03T17:52:37.095Z",    "user": 1,    "content_type": 9,    "object_id": "25",    "object_repr": "Hidizs AP80 PRO-X Black - 106923 Єхэух - ╧ыххЁ√",    "action_flag": 2,    "change_message": "[{\"changed\": {\"fields\": [\"\\u0424\\u043e\\u0442\\u043e \\u0442\\u043e\\u0432\\u0430\\u0440\\u0430\"]}}]"  }},{  "model": "admin.logentry",  "pk": 113,  "fields": {    "action_time": "2025-04-03T17:52:49.926Z",    "user": 1,    "content_type": 9,    "object_id": "11",    "object_repr": "Klipsch Surround 3 Black - 236218 Єхэух - └ъєёЄшўхёъшх ёшёЄхь√",    "action_flag": 2,    "change_message": "[{\"changed\": {\"fields\": [\"\\u0424\\u043e\\u0442\\u043e \\u0442\\u043e\\u0432\\u0430\\u0440\\u0430\"]}}]"  }},{  "model": "admin.logentry",  "pk": 114,  "fields": {    "action_time": "2025-04-03T17:53:10.000Z",    "user": 1,    "content_type": 9,    "object_id": "14",    "object_repr": "Lenco LS-55BK Black - 71567 Єхэух - ┬шэшы",    "action_flag": 2,    "change_message": "[{\"changed\": {\"fields\": [\"\\u0424\\u043e\\u0442\\u043e \\u0442\\u043e\\u0432\\u0430\\u0440\\u0430\"]}}]"  }},{  "model": "admin.logentry",  "pk": 115,  "fields": {    "action_time": "2025-04-03T17:53:39.415Z",    "user": 1,    "content_type": 9,    "object_id": "6",    "object_repr": "Marshall Minor III Black - 82638 Єхэух - ═рє°эшъш",    "action_flag": 2,    "change_message": "[{\"changed\": {\"fields\": [\"\\u0424\\u043e\\u0442\\u043e \\u0442\\u043e\\u0432\\u0430\\u0440\\u0430\"]}}]"  }},{  "model": "admin.logentry",  "pk": 116,  "fields": {    "action_time": "2025-04-03T17:53:58.719Z",    "user": 1,    "content_type": 9,    "object_id": "17",    "object_repr": "Music Public Kingdom TT53AT Red Wood - 99415 Єхэух - ┬шэшы",    "action_flag": 2,    "change_message": "[{\"changed\": {\"fields\": [\"\\u0424\\u043e\\u0442\\u043e \\u0442\\u043e\\u0432\\u0430\\u0440\\u0430\"]}}]"  }},{  "model": "admin.logentry",  "pk": 117,  "fields": {    "action_time": "2025-04-03T17:54:31.060Z",    "user": 1,    "content_type": 9,    "object_id": "9",    "object_repr": "Naim Mu-So 2nd Gen Black - 826909 Єхэух - └ъєёЄшўхёъшх ёшёЄхь√",    "action_flag": 2,    "change_message": "[{\"changed\": {\"fields\": [\"\\u0424\\u043e\\u0442\\u043e \\u0442\\u043e\\u0432\\u0430\\u0440\\u0430\"]}}]"  }},{  "model": "admin.logentry",  "pk": 118,  "fields": {    "action_time": "2025-04-03T17:54:51.528Z",    "user": 1,    "content_type": 9,    "object_id": "33",    "object_repr": "Naim Uniti Star - 790000 Єхэух - ╧ЁюшуЁ√трЄхыш",    "action_flag": 2,    "change_message": "[{\"changed\": {\"fields\": [\"\\u0424\\u043e\\u0442\\u043e \\u0442\\u043e\\u0432\\u0430\\u0440\\u0430\"]}}]"  }},{  "model": "admin.logentry",  "pk": 119,  "fields": {    "action_time": "2025-04-03T17:55:17.300Z",    "user": 1,    "content_type": 9,    "object_id": "22",    "object_repr": "Neumann U 87 Ai Studio Set - 965565 Єхэух - ╠шъЁюЇюэ√",    "action_flag": 2,    "change_message": "[{\"changed\": {\"fields\": [\"\\u0424\\u043e\\u0442\\u043e \\u0442\\u043e\\u0432\\u0430\\u0440\\u0430\"]}}]"  }},{  "model": "admin.logentry",  "pk": 120,  "fields": {    "action_time": "2025-04-03T17:55:34.206Z",    "user": 1,    "content_type": 9,    "object_id": "2",    "object_repr": "Noble Audio FoKus Rex5 Green - 387004 Єхэух - ═рє°эшъш",    "action_flag": 2,    "change_message": "[{\"changed\": {\"fields\": [\"\\u0424\\u043e\\u0442\\u043e \\u0442\\u043e\\u0432\\u0430\\u0440\\u0430\"]}}]"  }},{  "model": "admin.logentry",  "pk": 121,  "fields": {    "action_time": "2025-04-03T17:55:46.945Z",    "user": 1,    "content_type": 9,    "object_id": "4",    "object_repr": "Noble Audio FoKus Triumph - 206683 Єхэух - ═рє°эшъш",    "action_flag": 2,    "change_message": "[{\"changed\": {\"fields\": [\"\\u0424\\u043e\\u0442\\u043e \\u0442\\u043e\\u0432\\u0430\\u0440\\u0430\"]}}]"  }},{  "model": "admin.logentry",  "pk": 122,  "fields": {    "action_time": "2025-04-03T17:56:08.902Z",    "user": 1,    "content_type": 9,    "object_id": "39",    "object_repr": "Onkyo TX-8220 Black - 267396 Єхэух - ╙ёшышЄхыш ш ╓└╧",    "action_flag": 2,    "change_message": "[{\"changed\": {\"fields\": [\"\\u0424\\u043e\\u0442\\u043e \\u0442\\u043e\\u0432\\u0430\\u0440\\u0430\"]}}]"  }},{  "model": "admin.logentry",  "pk": 123,  "fields": {    "action_time": "2025-04-03T17:56:38.630Z",    "user": 1,    "content_type": 9,    "object_id": "37",    "object_repr": "Pioneer A-10AE Black - 237679 Єхэух - ╙ёшышЄхыш ш ╓└╧",    "action_flag": 2,    "change_message": "[{\"changed\": {\"fields\": [\"\\u0424\\u043e\\u0442\\u043e \\u0442\\u043e\\u0432\\u0430\\u0440\\u0430\"]}}]"  }},{  "model": "admin.logentry",  "pk": 124,  "fields": {    "action_time": "2025-04-03T17:57:14.528Z",    "user": 1,    "content_type": 9,    "object_id": "13",    "object_repr": "Premiera ECO BT - 118579 Єхэух - ┬шэшы",    "action_flag": 2,    "change_message": "[{\"changed\": {\"fields\": [\"\\u0424\\u043e\\u0442\\u043e \\u0442\\u043e\\u0432\\u0430\\u0440\\u0430\"]}}]"  }},{  "model": "admin.logentry",  "pk": 125,  "fields": {    "action_time": "2025-04-03T17:57:34.689Z",    "user": 1,    "content_type": 9,    "object_id": "31",    "object_repr": "Premiera ╤1 Pro - 236550 Єхэух - ╧ЁюшуЁ√трЄхыш",    "action_flag": 2,    "change_message": "[{\"changed\": {\"fields\": [\"\\u0424\\u043e\\u0442\\u043e \\u0442\\u043e\\u0432\\u0430\\u0440\\u0430\"]}}]"  }},{  "model": "admin.logentry",  "pk": 126,  "fields": {    "action_time": "2025-04-03T17:57:58.286Z",    "user": 1,    "content_type": 9,    "object_id": "7",    "object_repr": "Radiotehnika S-20NA Black Ash - 236218 Єхэух - └ъєёЄшўхёъшх ёшёЄхь√",    "action_flag": 2,    "change_message": "[{\"changed\": {\"fields\": [\"\\u0424\\u043e\\u0442\\u043e \\u0442\\u043e\\u0432\\u0430\\u0440\\u0430\"]}}]"  }},{  "model": "admin.logentry",  "pk": 127,  "fields": {    "action_time": "2025-04-03T17:58:11.009Z",    "user": 1,    "content_type": 9,    "object_id": "21",    "object_repr": "RODE NT1 5th Generation Black - 192212 Єхэух - ╠шъЁюЇюэ√",    "action_flag": 2,    "change_message": "[{\"changed\": {\"fields\": [\"\\u0424\\u043e\\u0442\\u043e \\u0442\\u043e\\u0432\\u0430\\u0440\\u0430\"]}}]"  }},{  "model": "admin.logentry",  "pk": 128,  "fields": {    "action_time": "2025-04-03T17:58:30.519Z",    "user": 1,    "content_type": 9,    "object_id": "42",    "object_repr": "Rotel RA-1592MKII Silver - 648965 Єхэух - ╙ёшышЄхыш ш ╓└╧",    "action_flag": 2,    "change_message": "[{\"changed\": {\"fields\": [\"\\u0424\\u043e\\u0442\\u043e \\u0442\\u043e\\u0432\\u0430\\u0440\\u0430\"]}}]"  }},{  "model": "admin.logentry",  "pk": 129,  "fields": {    "action_time": "2025-04-03T17:58:55.546Z",    "user": 1,    "content_type": 9,    "object_id": "30",    "object_repr": "Shanling M3 Ultra Green - 356549 Єхэух - ╧ыххЁ√",    "action_flag": 2,    "change_message": "[{\"changed\": {\"fields\": [\"\\u0424\\u043e\\u0442\\u043e \\u0442\\u043e\\u0432\\u0430\\u0440\\u0430\"]}}]"  }},{  "model": "admin.logentry",  "pk": 130,  "fields": {    "action_time": "2025-04-03T17:59:13.546Z",    "user": 1,    "content_type": 9,    "object_id": "28",    "object_repr": "Shanling M5 Ultra Black - 445701 Єхэух - ╧ыххЁ√",    "action_flag": 2,    "change_message": "[{\"changed\": {\"fields\": [\"\\u0424\\u043e\\u0442\\u043e \\u0442\\u043e\\u0432\\u0430\\u0440\\u0430\"]}}]"  }},{  "model": "admin.logentry",  "pk": 131,  "fields": {    "action_time": "2025-04-03T17:59:32.217Z",    "user": 1,    "content_type": 9,    "object_id": "23",    "object_repr": "Shure MV7+ K Black - 215688 Єхэух - ╠шъЁюЇюэ√",    "action_flag": 2,    "change_message": "[{\"changed\": {\"fields\": [\"\\u0424\\u043e\\u0442\\u043e \\u0442\\u043e\\u0432\\u0430\\u0440\\u0430\"]}}]"  }},{  "model": "admin.logentry",  "pk": 132,  "fields": {    "action_time": "2025-04-03T17:59:48.968Z",    "user": 1,    "content_type": 9,    "object_id": "19",    "object_repr": "Shure SM7B - 328729 Єхэух - ╠шъЁюЇюэ√",    "action_flag": 2,    "change_message": "[{\"changed\": {\"fields\": [\"\\u0424\\u043e\\u0442\\u043e \\u0442\\u043e\\u0432\\u0430\\u0440\\u0430\"]}}]"  }},{  "model": "admin.logentry",  "pk": 133,  "fields": {    "action_time": "2025-04-03T18:00:12.842Z",    "user": 1,    "content_type": 9,    "object_id": "38",    "object_repr": "SMSL A200 Black - 172301 Єхэух - ╙ёшышЄхыш ш ╓└╧",    "action_flag": 2,    "change_message": "[{\"changed\": {\"fields\": [\"\\u0424\\u043e\\u0442\\u043e \\u0442\\u043e\\u0432\\u0430\\u0440\\u0430\"]}}]"  }},{  "model": "admin.logentry",  "pk": 134,  "fields": {    "action_time": "2025-04-03T18:00:38.790Z",    "user": 1,    "content_type": 9,    "object_id": "36",    "object_repr": "SMSL DP5 Black - 502223 Єхэух - ╧ЁюшуЁ√трЄхыш",    "action_flag": 2,    "change_message": "[{\"changed\": {\"fields\": [\"\\u0424\\u043e\\u0442\\u043e \\u0442\\u043e\\u0432\\u0430\\u0440\\u0430\"]}}]"  }},{  "model": "admin.logentry",  "pk": 135,  "fields": {    "action_time": "2025-04-03T18:00:54.323Z",    "user": 1,    "content_type": 9,    "object_id": "40",    "object_repr": "SMSL M300 SE Black - 76670 Єхэух - ╙ёшышЄхыш ш ╓└╧",    "action_flag": 2,    "change_message": "[{\"changed\": {\"fields\": [\"\\u0424\\u043e\\u0442\\u043e \\u0442\\u043e\\u0432\\u0430\\u0440\\u0430\"]}}]"  }},{  "model": "admin.logentry",  "pk": 136,  "fields": {    "action_time": "2025-04-03T18:01:11.117Z",    "user": 1,    "content_type": 9,    "object_id": "27",    "object_repr": "Sony NW-WM1AM2 Black - 969766 Єхэух - ╧ыххЁ√",    "action_flag": 2,    "change_message": "[{\"changed\": {\"fields\": [\"\\u0424\\u043e\\u0442\\u043e \\u0442\\u043e\\u0432\\u0430\\u0440\\u0430\"]}}]"  }},{  "model": "admin.logentry",  "pk": 137,  "fields": {    "action_time": "2025-04-03T18:01:26.530Z",    "user": 1,    "content_type": 9,    "object_id": "3",    "object_repr": "Sony WF-1000XM5 Silver - 165335 Єхэух - ═рє°эшъш",    "action_flag": 2,    "change_message": "[{\"changed\": {\"fields\": [\"\\u0424\\u043e\\u0442\\u043e \\u0442\\u043e\\u0432\\u0430\\u0440\\u0430\"]}}]"  }},{  "model": "admin.logentry",  "pk": 138,  "fields": {    "action_time": "2025-04-03T18:01:47.245Z",    "user": 1,    "content_type": 9,    "object_id": "1",    "object_repr": "Sony WH-1000XM4 Black - 146995 Єхэух - ═рє°эшъш",    "action_flag": 2,    "change_message": "[{\"changed\": {\"fields\": [\"\\u0424\\u043e\\u0442\\u043e \\u0442\\u043e\\u0432\\u0430\\u0440\\u0430\"]}}]"  }},{  "model": "admin.logentry",  "pk": 139,  "fields": {    "action_time": "2025-04-03T18:02:01.245Z",    "user": 1,    "content_type": 9,    "object_id": "12",    "object_repr": "Wharfedale Diamond 12.3 Walnut Pearl - 336635 Єхэух - └ъєёЄшўхёъшх ёшёЄхь√",    "action_flag": 2,    "change_message": "[{\"changed\": {\"fields\": [\"\\u0424\\u043e\\u0442\\u043e \\u0442\\u043e\\u0432\\u0430\\u0440\\u0430\"]}}]"  }},{  "model": "admin.logentry",  "pk": 140,  "fields": {    "action_time": "2025-04-03T18:02:58.431Z",    "user": 1,    "content_type": 9,    "object_id": "24",    "object_repr": "╤╬▐╟ 023 Bomblet - 832027 Єхэух - ╠шъЁюЇюэ√",    "action_flag": 2,    "change_message": "[{\"changed\": {\"fields\": [\"\\u0424\\u043e\\u0442\\u043e \\u0442\\u043e\\u0432\\u0430\\u0440\\u0430\"]}}]"  }},{  "model": "admin.logentry",  "pk": 141,  "fields": {    "action_time": "2025-04-03T18:03:11.847Z",    "user": 1,    "content_type": 9,    "object_id": "20",    "object_repr": "╤╬▐╟ 1973 Nickel - 449105 Єхэух - ╠шъЁюЇюэ√",    "action_flag": 2,    "change_message": "[{\"changed\": {\"fields\": [\"\\u0424\\u043e\\u0442\\u043e \\u0442\\u043e\\u0432\\u0430\\u0440\\u0430\"]}}]"  }},{  "model": "auth.permission",  "pk": 1,  "fields": {    "name": "Can add log entry",    "content_type": 1,    "codename": "add_logentry"  }},{  "model": "auth.permission",  "pk": 2,  "fields": {    "name": "Can change log entry",    "content_type": 1,    "codename": "change_logentry"  }},{  "model": "auth.permission",  "pk": 3,  "fields": {    "name": "Can delete log entry",    "content_type": 1,    "codename": "delete_logentry"  }},{  "model": "auth.permission",  "pk": 4,  "fields": {    "name": "Can view log entry",    "content_type": 1,    "codename": "view_logentry"  }},{  "model": "auth.permission",  "pk": 5,  "fields": {    "name": "Can add permission",    "content_type": 2,    "codename": "add_permission"  }},{  "model": "auth.permission",  "pk": 6,  "fields": {    "name": "Can change permission",    "content_type": 2,    "codename": "change_permission"  }},{  "model": "auth.permission",  "pk": 7,  "fields": {    "name": "Can delete permission",    "content_type": 2,    "codename": "delete_permission"  }},{  "model": "auth.permission",  "pk": 8,  "fields": {    "name": "Can view permission",    "content_type": 2,    "codename": "view_permission"  }},{  "model": "auth.permission",  "pk": 9,  "fields": {    "name": "Can add group",    "content_type": 3,    "codename": "add_group"  }},{  "model": "auth.permission",  "pk": 10,  "fields": {    "name": "Can change group",    "content_type": 3,    "codename": "change_group"  }},{  "model": "auth.permission",  "pk": 11,  "fields": {    "name": "Can delete group",    "content_type": 3,    "codename": "delete_group"  }},{  "model": "auth.permission",  "pk": 12,  "fields": {    "name": "Can view group",    "content_type": 3,    "codename": "view_group"  }},{  "model": "auth.permission",  "pk": 13,  "fields": {    "name": "Can add user",    "content_type": 4,    "codename": "add_user"  }},{  "model": "auth.permission",  "pk": 14,  "fields": {    "name": "Can change user",    "content_type": 4,    "codename": "change_user"  }},{  "model": "auth.permission",  "pk": 15,  "fields": {    "name": "Can delete user",    "content_type": 4,    "codename": "delete_user"  }},{  "model": "auth.permission",  "pk": 16,  "fields": {    "name": "Can view user",    "content_type": 4,    "codename": "view_user"  }},{  "model": "auth.permission",  "pk": 17,  "fields": {    "name": "Can add content type",    "content_type": 5,    "codename": "add_contenttype"  }},{  "model": "auth.permission",  "pk": 18,  "fields": {    "name": "Can change content type",    "content_type": 5,    "codename": "change_contenttype"  }},{  "model": "auth.permission",  "pk": 19,  "fields": {    "name": "Can delete content type",    "content_type": 5,    "codename": "delete_contenttype"  }},{  "model": "auth.permission",  "pk": 20,  "fields": {    "name": "Can view content type",    "content_type": 5,    "codename": "view_contenttype"  }},{  "model": "auth.permission",  "pk": 21,  "fields": {    "name": "Can add session",    "content_type": 6,    "codename": "add_session"  }},{  "model": "auth.permission",  "pk": 22,  "fields": {    "name": "Can change session",    "content_type": 6,    "codename": "change_session"  }},{  "model": "auth.permission",  "pk": 23,  "fields": {    "name": "Can delete session",    "content_type": 6,    "codename": "delete_session"  }},{  "model": "auth.permission",  "pk": 24,  "fields": {    "name": "Can view session",    "content_type": 6,    "codename": "view_session"  }},{  "model": "auth.permission",  "pk": 25,  "fields": {    "name": "Can add ╩рЄхуюЁш ",    "content_type": 7,    "codename": "add_category"  }},{  "model": "auth.permission",  "pk": 26,  "fields": {    "name": "Can change ╩рЄхуюЁш ",    "content_type": 7,    "codename": "change_category"  }},{  "model": "auth.permission",  "pk": 27,  "fields": {    "name": "Can delete ╩рЄхуюЁш ",    "content_type": 7,    "codename": "delete_category"  }},{  "model": "auth.permission",  "pk": 28,  "fields": {    "name": "Can view ╩рЄхуюЁш ",    "content_type": 7,    "codename": "view_category"  }},{  "model": "auth.permission",  "pk": 29,  "fields": {    "name": "Can add ╧ЁюшчтюфшЄхы№",    "content_type": 8,    "codename": "add_maker"  }},{  "model": "auth.permission",  "pk": 30,  "fields": {    "name": "Can change ╧ЁюшчтюфшЄхы№",    "content_type": 8,    "codename": "change_maker"  }},{  "model": "auth.permission",  "pk": 31,  "fields": {    "name": "Can delete ╧ЁюшчтюфшЄхы№",    "content_type": 8,    "codename": "delete_maker"  }},{  "model": "auth.permission",  "pk": 32,  "fields": {    "name": "Can view ╧ЁюшчтюфшЄхы№",    "content_type": 8,    "codename": "view_maker"  }},{  "model": "auth.permission",  "pk": 33,  "fields": {    "name": "Can add ╥ютрЁ",    "content_type": 9,    "codename": "add_product"  }},{  "model": "auth.permission",  "pk": 34,  "fields": {    "name": "Can change ╥ютрЁ",    "content_type": 9,    "codename": "change_product"  }},{  "model": "auth.permission",  "pk": 35,  "fields": {    "name": "Can delete ╥ютрЁ",    "content_type": 9,    "codename": "delete_product"  }},{  "model": "auth.permission",  "pk": 36,  "fields": {    "name": "Can view ╥ютрЁ",    "content_type": 9,    "codename": "view_product"  }},{  "model": "auth.permission",  "pk": 37,  "fields": {    "name": "Can add ╤ъырф",    "content_type": 10,    "codename": "add_instock"  }},{  "model": "auth.permission",  "pk": 38,  "fields": {    "name": "Can change ╤ъырф",    "content_type": 10,    "codename": "change_instock"  }},{  "model": "auth.permission",  "pk": 39,  "fields": {    "name": "Can delete ╤ъырф",    "content_type": 10,    "codename": "delete_instock"  }},{  "model": "auth.permission",  "pk": 40,  "fields": {    "name": "Can view ╤ъырф",    "content_type": 10,    "codename": "view_instock"  }},{  "model": "auth.permission",  "pk": 41,  "fields": {    "name": "Can add order",    "content_type": 11,    "codename": "add_order"  }},{  "model": "auth.permission",  "pk": 42,  "fields": {    "name": "Can change order",    "content_type": 11,    "codename": "change_order"  }},{  "model": "auth.permission",  "pk": 43,  "fields": {    "name": "Can delete order",    "content_type": 11,    "codename": "delete_order"  }},{  "model": "auth.permission",  "pk": 44,  "fields": {    "name": "Can view order",    "content_type": 11,    "codename": "view_order"  }},{  "model": "auth.permission",  "pk": 45,  "fields": {    "name": "Can add order item",    "content_type": 12,    "codename": "add_orderitem"  }},{  "model": "auth.permission",  "pk": 46,  "fields": {    "name": "Can change order item",    "content_type": 12,    "codename": "change_orderitem"  }},{  "model": "auth.permission",  "pk": 47,  "fields": {    "name": "Can delete order item",    "content_type": 12,    "codename": "delete_orderitem"  }},{  "model": "auth.permission",  "pk": 48,  "fields": {    "name": "Can view order item",    "content_type": 12,    "codename": "view_orderitem"  }},{  "model": "auth.user",  "pk": 1,  "fields": {    "password": "pbkdf2_sha256$870000$jaZeB9VI0prKkXy7PhI5e9$jdmdoa+nu05sTldnDiITUBthQ868Vs+7xYL9f0WJIDo=",    "last_login": "2025-04-03T18:17:20.742Z",    "is_superuser": true,    "username": "admin",    "first_name": "",    "last_name": "",    "email": "",    "is_staff": true,    "is_active": true,    "date_joined": "2025-03-20T16:49:15.452Z",    "groups": [],    "user_permissions": []  }},{  "model": "auth.user",  "pk": 2,  "fields": {    "password": "pbkdf2_sha256$870000$wILpMwTvBXOsEi2gMAq8Ni$pimEBFz69WldfZYSGdsD7Zq1BPW1feE2k3UCJTxDDFI=",    "last_login": "2025-04-03T18:30:01.592Z",    "is_superuser": false,    "username": "mereketestproject",    "first_name": "",    "last_name": "",    "email": "mereke.mr@bk.ru",    "is_staff": false,    "is_active": true,    "date_joined": "2025-03-31T17:38:24.436Z",    "groups": [],    "user_permissions": []  }},{  "model": "auth.user",  "pk": 3,  "fields": {    "password": "pbkdf2_sha256$870000$vL6vUJT8yW8cbgx22RZpr8$WOIt7A3Z/DuXw+6+hgGL1EpMBW8ovfrANdebFUGJR9U=",    "last_login": "2025-04-01T06:34:38.686Z",    "is_superuser": false,    "username": "mereketestproject1",    "first_name": "",    "last_name": "",    "email": "mereke.mr@bk.ru",    "is_staff": false,    "is_active": true,    "date_joined": "2025-04-01T06:34:38.290Z",    "groups": [],    "user_permissions": []  }},{  "model": "auth.user",  "pk": 4,  "fields": {    "password": "pbkdf2_sha256$870000$IQVORcBFXauTRTkPRY5qYq$dfrID2GWyD7KYpbJKfRytXLDMlcggbVO85DoTmNd0Ps=",    "last_login": "2025-04-02T08:24:58.570Z",    "is_superuser": false,    "username": "mereketestproject4",    "first_name": "",    "last_name": "",    "email": "mereke.mr15@bk.ru",    "is_staff": false,    "is_active": true,    "date_joined": "2025-04-02T08:22:51.890Z",    "groups": [],    "user_permissions": []  }},{  "model": "contenttypes.contenttype",  "pk": 1,  "fields": {    "app_label": "admin",    "model": "logentry"  }},{  "model": "contenttypes.contenttype",  "pk": 2,  "fields": {    "app_label": "auth",    "model": "permission"  }},{  "model": "contenttypes.contenttype",  "pk": 3,  "fields": {    "app_label": "auth",    "model": "group"  }},{  "model": "contenttypes.contenttype",  "pk": 4,  "fields": {    "app_label": "auth",    "model": "user"  }},{  "model": "contenttypes.contenttype",  "pk": 5,  "fields": {    "app_label": "contenttypes",    "model": "contenttype"  }},{  "model": "contenttypes.contenttype",  "pk": 6,  "fields": {    "app_label": "sessions",    "model": "session"  }},{  "model": "contenttypes.contenttype",  "pk": 7,  "fields": {    "app_label": "main",    "model": "category"  }},{  "model": "contenttypes.contenttype",  "pk": 8,  "fields": {    "app_label": "main",    "model": "maker"  }},{  "model": "contenttypes.contenttype",  "pk": 9,  "fields": {    "app_label": "main",    "model": "product"  }},{  "model": "contenttypes.contenttype",  "pk": 10,  "fields": {    "app_label": "main",    "model": "instock"  }},{  "model": "contenttypes.contenttype",  "pk": 11,  "fields": {    "app_label": "cart",    "model": "order"  }},{  "model": "contenttypes.contenttype",  "pk": 12,  "fields": {    "app_label": "cart",    "model": "orderitem"  }},{  "model": "sessions.session",  "pk": "npxq47g44iuc5vn18awiyx50zwh2zswc",  "fields": {    "session_data": ".eJxVjksOgzAMRO_iNYryARpYdt8zIMcJkH6SFsKiQty9oWLRemXPPI9mhQ6XNHbL7KbOW2hBQvGrGaSbC7thrxiGyCiGNHnDdoQd7swu0br7-WD_Akacx_xd9ajJGkm8LGtsSHHNDUlBuqpPUiiLzhIpU2YIDTbGKlH2VJPotVQGcyjhlKBdtwJmH4a763xyjyzAc4p2ofTtr4t8enJ5q3gexgt4LRiST29oxbZ9ACgLUC4:1u0PHG:ZwHfz88n7qzZs4FdTjOLexoIqI_ZqmiOsBuF1J14We4",    "expire_date": "2025-04-17T18:26:58.549Z"  }},{  "model": "sessions.session",  "pk": "smj2dtnjbjtw8x5yfuxxbwwxmv0ugrhc",  "fields": {    "session_data": ".eJxVjDkOgzAUBe_iOrK84RjK9JwB_cUEkshItqkQdw9IFEn7Zt5sYoC1TsNaYh5mFp0w4va7IdA7phPwC9JzkbSkmmeUpyIvWmS_cPw8LvcvMEGZjnczQiBGQ8o5Dy1ZFRSS0RQafzfaMkQmsugOCRBaZKvdSJ70GIxFOKIEuYpu2_cvT_c8dw:1u0gpY:ZEJBYbF8Gn51eMUJlcE9XHvKdIlBedwTBkN1LbsF9Ec",    "expire_date": "2025-04-18T13:11:32.289Z"  }},{  "model": "main.product",  "pk": 1,  "fields": {    "name": "Sony WH-1000XM4 Black",    "price": 146995,    "maker": 2,    "description": "┴хёяЁютюфэ√х эрє°эшъш",    "category": 1,    "color": "╫хЁэ√щ",    "quantity": 5,    "photo": "photo/2025/04/03/maxsize800x800.jpg",    "full_description": "<p>╬ёюсхээюёЄш:</p>\r\n\r\n<ul>\r\n\t<li>т√ёюъюяЁюшчтюфшЄхы№э√щ яЁюЎхёёюЁ ёшёЄхь√ °єьюяюфртыхэш  QN1;</li>\r\n\t<li>эют√щ ¤эхЁую¤ъюэюьэ√щ ўшя Bluetooth 5 тхЁёшш CSR 8675;</li>\r\n\t<li>фтющэющ ёхэёюЁ рэрышчр °єьр;</li>\r\n\t<li>шэЄєшЄштэюх єяЁртыхэшх ърёрэшхь;</li>\r\n\t<li>40 ьь фшэрьшўхёъшщ фЁрщтхЁ;</li>\r\n\t<li>эютхщ°шщ DSEE Extreme рєфшю яЁюЎхёёюЁ фы  юсЁрсюЄъш т Ёхцшьх Ёхры№эюую тЁхьхэш;</li>\r\n\t<li>ртЄюьрЄшўхёър  юёЄрэютър тюёяЁюшчтхфхэш  яЁш ёэ Єшш эрє°эшъют;</li>\r\n\t<li>єыєў°хээ√щ Ёхцшь Ambient Sound;</li>\r\n\t<li>Ёхцшь Speak To Chat юёЄрэртыштрхЄ тюёяЁюшчтхфхэшх ъюуфр трь эєцэю яюуютюЁшЄ№;</li>\r\n\t<li>уюыюёют√х яюью∙эшъш Google ш Alexa;</li>\r\n\t<li>с√ёЄЁр  чрЁ фър т Єхўхэшш 10 ьшэєЄ юсхёяхўштрхЄ эхяЁхЁ√тэюх яЁюёыє°штрэшх эр 5 ўрёют ЁрсюЄ√;</li>\r\n\t<li>фю 30 ўрёют ртЄюэюьэюую яЁюёыє°штрэш ;</li>\r\n\t<li>ряярЁрЄэр  яюффхЁцър эютхщ°хую ЇюЁьрЄр 360 Reality Audio;</li>\r\n\t<li>ртЄюьрЄшўхёъшх шчьхэхэш  эрёЄЁюхъ чтєъ эр юёэютх ухюыюърЎшш;</li>\r\n\t<li>яюффхЁцър ъюфхъют LDAC, SBC, AAC;</li>\r\n</ul>"  }},{  "model": "main.product",  "pk": 2,  "fields": {    "name": "Noble Audio FoKus Rex5 Green",    "price": 387004,    "maker": 7,    "description": "┴хёяЁютюфэ√х эрє°эшъш",    "category": 1,    "color": "╟хыхэ√щ",    "quantity": 2,    "photo": "photo/2025/04/03/noble-audio-fokus-rex5-tws-charging-case-with-earbuds-inside_800x800.webp",    "full_description": "<p>Noble Audio FoKus Rex5 - яюыэюёЄ№■ схёяЁютюфэ√х тэєЄЁшърэры№э√х эрє°эшъш TWS.</p>\r\n\r\n<p>╬ёюсхээюёЄш:</p>\r\n\r\n<ul>\r\n\t<li>5 фЁрщтхЁют;</li>\r\n\t<li>10 ьь фшэрьшўхёъшщ, 6 ьь яырэрЁэ√щ, 3 - рЁьрЄєЁэ√ї шчыєўрЄхы ;</li>\r\n\t<li>ўшя QCC3091 c Bluetooth 5.4;</li>\r\n\t<li>ъюфхъш&nbsp;SBC, AAC, aptX Adaptive, LDAC;</li>\r\n\t<li>яюффхЁцър яЁюЇшыхщ ш эрёЄЁюхъ чтєър т ёрьшї эрє°эшърї;</li>\r\n\t<li>шэфштшфєры№эр  эрёЄЁющър чтєър т ърцфюь эрє°эшъх;</li>\r\n\t<li>10-яюыюёэ√щ ¤ътрырщчхЁ;</li>\r\n\t<li>тЁхь  ртЄюэюьэющ ЁрсюЄ√ фю 7 ў;</li>\r\n\t<li>яюффхЁцър MultiPoint;</li>\r\n\t<li>°єьюяюфртыхэшх ш Ёхцшь яЁючЁрўэюёЄш.</li>\r\n</ul>"  }},{  "model": "main.product",  "pk": 3,  "fields": {    "name": "Sony WF-1000XM5 Silver",    "price": 165335,    "maker": 2,    "description": "┴хёяЁютюфэ√х эрє°эшъш",    "category": 1,    "color": "╤хЁхсЁшёЄ√щ",    "quantity": 3,    "photo": "photo/2025/04/03/sony-wf-1000xm5-wireless-noise-cancelling-headphones-silver-04.jpg",    "full_description": "<p>╩юьярэш  Sony т√яєёЄшыр эют√х Їыруьрэёъшх схёяЁютюфэ√х эрє°эшъш WF-1000XM5. ╠юфхы№  ты хЄё  яЁххьэшъюь WF-1000XM4 ш яЁхфырурхЄ Ё ф ъы■ўхт√ї шчьхэхэшщ эх Єюы№ъю т фшчрщэх, эю ш т ърўхёЄтх тюёяЁюшчтхфхэш .</p>\r\n\r\n<p>╬ёюсхээюёЄш:</p>\r\n\r\n<ul>\r\n\t<li>шээютрЎшюээ√х эрёрфъш фы  °єьюшчюы Ўшш шчуюЄютыхэ√ шч єэшъры№эюую ьрЄхЁшрыр &mdash; яюышєЁхЄрэр;</li>\r\n\t<li>Hi-Res Audio ъюфхъ LDAC ш схёяЁютюфэр  ёт ч№ Bluetooth тхЁёшш 5.3;</li>\r\n\t<li>тяхўрЄы ■∙р  ртЄюэюьэюёЄ№ юсхёяхўштрхЄ 8 ўрёют ЁрсюЄ√ ш фю 16 ўрёют фюяюыэшЄхы№эюую чрЁ фр юЄ ъхщёр;</li>\r\n\t<li>¤Ёуюэюьшўэ√щ фшчрщэ фы  яюыэюую ъюьЇюЁЄр;</li>\r\n\t<li>Speak-to-Chat юёЄрэртыштрхЄ ьєч√ъє, ўЄюс√ т√ ьюуыш тхёЄш схёхфє.</li>\r\n</ul>"  }},{  "model": "main.product",  "pk": 4,  "fields": {    "name": "Noble Audio FoKus Triumph",    "price": 206683,    "maker": 7,    "description": "┴хёяЁютюфэ√х эрє°эшъш",    "category": 1,    "color": "╤хЁю-юЁрэцхт√щ",    "quantity": 10,    "photo": "photo/2025/04/03/200000070010_1.webp",    "full_description": "<p>Focus Triumph&nbsp;&mdash; ¤Єю яюыэюёЄ№■ схёяЁютюфэ√х эрє°эшъш ъырёёр hi-end, ъюЄюЁ√х яЁшьхэ ■Є эютхщ°шх Єхїэюыюушш фы  юсхёяхўхэш  ъЁшёЄры№эю ўшёЄюую ш эрё√∙хээюую чтєър. ╬эш юёэр∙хэ√ ърёЄюьэ√ь фшэрьшўхёъшь фЁрщтхЁюь фшрьхЄЁюь 6,5 ьь, ъюЄюЁ√щ фюяюыэ хЄ шээютрЎшюээ√щ ьшъЁю¤ыхъЄЁюьхїрэшўхёъшщ фшэрьшъ Cowell xMEMS. ┬ьхёЄх юэш ёючфр■Є єэшъры№э√щ рєфшюырэф°рЇЄ, уфх ърцфр  эюЄр чтєўшЄ шфхры№эю.</p>\r\n\r\n<p>╨рсюЄющ эрє°эшъют єяЁрты хЄ ўшя Qualcomm QCC3071, ъюЄюЁ√щ яюффхЁцштрхЄ яхЁхфют√х ъюфхъш, тъы■ўр  Snapdragon Sound, SBC, AAC, aptX, aptX Adaptive ш LDAC. ╫шя Єръцх юсхёяхўштрхЄ яюффхЁцъє ьэюуюЄюўхўэюую яюфъы■ўхэш , ўЄю яючтюы хЄ юфэютЁхьхээю шёяюы№чютрЄ№ эрє°эшъш ё эхёъюы№ъшьш єёЄЁющёЄтрьш, эряЁшьхЁ эюєЄсєъюь ш ёьрЁЄЇюэюь. ╥ръцх Ёхрышчютрэр Єхїэюыюуш  TrueWireless Mirroring.</p>\r\n\r\n<p>╬ёюсхээюёЄш:</p>\r\n\r\n<ul>\r\n\t<li>тЁхь  ртЄюэюьэющ ЁрсюЄ√ фю 7.5 ў;</li>\r\n\t<li>юЄўхЄышт√щ, т√ёюъюърўхёЄтхээ√щ чтєъ;</li>\r\n\t<li>Qualcomm SoC QCC3071;</li>\r\n\t<li>Bluetooth 5.3;</li>\r\n\t<li>ъюфхъш: LDAC, Snapdragon Sound, SBC, AAC, aptX, aptX Adaptive;</li>\r\n\t<li>яЁхтюёїюфэр  ЄюўэюёЄ№ тюёяЁюшчтхфхэш  т√ёюъшї ўрёЄюЄ сыруюфрЁ  тёЄЁюхээющ ъЁхьэшхтющ ьхьсЁрэх ё т√ёюъющ Ёхчюэрэёэющ ўрёЄюЄющ;</li>\r\n\t<li>сюыхх с√ёЄЁ√щ юЄъышъ сыруюфрЁ  я№хчюфшэрьшъє;</li>\r\n\t<li>схёяЁютюфэр  чрЁ фър.</li>\r\n</ul>"  }},{  "model": "main.product",  "pk": 5,  "fields": {    "name": "Beyerdynamic DT 770 PRO 80 ohm",    "price": 129893,    "maker": 1,    "description": "═рє°эшъш яюыэюЁрчьхЁэ√х",    "category": 1,    "color": "╫хЁэ√щ",    "quantity": 2,    "photo": "photo/2025/04/03/7046224288.jpg",    "full_description": "<p>╦хухэфрЁэр  ёхЁш  DT 770/880/990 єїюфшЄ ъюЁэ ьш х∙х т 1981 уюф, ъюуфр с√ыр т√яє∙хэр ьюфхы№ DT 880 &mdash; яхЁт√х фшэрьшўхёъшх эрє°эшъш ё їрЁръЄхЁшёЄшърьш ¤ыхъЄЁюёЄрЄшўхёъшї. ╤ыхфюь чр эхщ, т 1985 с√ыш яЁхфёЄртыхэ√ ьюфхыш DT 770 ш 990, чртхЁ°шт ёхЁш■ ш юсхёяхўшт Ё√эъє ьръёшьры№эє■ ушсъюёЄ№ ш т√сюЁ чръЁ√Є√ї (DT 770), яюыєюЄъЁ√Є√ї (DT 880) ш юЄъЁ√Є√ї (DT 990) эрє°эшъют. ╧хЁт√х тхЁёшш эрє°эшъют шьхыш яырёЄшъютюх юуюыют№х, яЁюўэюх, эю эх эрёЄюы№ъю, ъръ ЄЁхсютрыюё№.</p>\r\n\r\n<p>╬ёюсхээюёЄш:</p>\r\n\r\n<ul>\r\n\t<li>ёЄєфшщэ√х эрє°эшъш ё тхышъюыхяэющ юЄфрўхщ эр тёхь фшрярчюэх ўрёЄюЄ;</li>\r\n\t<li>Єхїэюыюуш  Bass Reflex (ЇрчюшэтхЁЄюЁ) фы  сюыхх юс·хьэюую &quot;ф√°р∙хую&quot; срёр;</li>\r\n\t<li>шьяхфрэё 80 ╬ь;</li>\r\n\t<li>єфюсэр  яюёрфър чр ёўхЄ ЁхуєышЁєхьюую ёь уўхээюую юуюыют№  ш ь уъшї тхы■Ёют√ї рьсє°■Ё;</li>\r\n\t<li>яЁюўэр  фєцър шч яЁєцшээющ ёЄрыш;</li>\r\n\t<li>юфэш шч ёрь√ї эрфхцэ√ї яЁюЇхёёшюэры№э√ї эрє°эшъют, ыхуъш т юсёыєцштрэшш, Є.ъ. тёх ўрёЄш чрьхэ хь√;</li>\r\n\t<li>юфэюёЄюЁюээшщ ърсхы№ шч схёъшёыюЁюфэющ ьхфш (99.999%) ё яючюыюўхээ√ь Ёрч·хьюь фцхъ 3.5 ьь.</li>\r\n</ul>"  }},{  "model": "main.product",  "pk": 6,  "fields": {    "name": "Marshall Minor III Black",    "price": 82638,    "maker": 3,    "description": "┴хёяЁютюфэ√х эрє°эшъш",    "category": 1,    "color": "╫хЁэ√щ",    "quantity": 4,    "photo": "photo/2025/04/03/marshall-minor-iii-black-_1_PAH0022595-000.webp",    "full_description": "<p>Minor III &mdash; ¤Єю ЇшЁьхээ√щ чтєъ Marshall схч ыш°эшї °єьют. ┬ Minor III хёЄ№ Bluetooth 5.2, яю¤Єюьє ърцф√щ эрє°эшъ яЁюўэю ёт ч√трхЄё  ё тр°шь єёЄЁющёЄтюь. Minor III &mdash; ¤Єю Ўхы√ї 25 ўрёют схёяЁютюфэюую тюёяЁюшчтхфхэш , т√ ёьюцхЄх яюфчрЁ фшЄ№ эрє°эшъш т ы■сющ ьюьхэЄ сыруюфрЁ  ъюьяръЄэюьє яхЁхэюёэюьє чрЁ фэюьє ЇєЄы Ёє. ╤ эрє°эшърьш Minor III т√ яюыэюёЄ№■ яюуЁєчшЄхё№ т ьєч√ъє: фшэрьшъш ЁрчьхЁюь 12 ьь ё шэфштшфєры№эющ эрёЄЁющъющ урЁрэЄшЁє■Є єыєў°хээ√х эшчъшх, Ёютэ√х ёЁхфэшх ш ўшёЄ√х т√ёюъшх ўрёЄюЄ√. ═рёырфшЄхё№ эрёЄю ∙шь ЇшЁьхээ√ь чтєъюь Marshall.</p>\r\n\r\n<p>╬ёюсхээюёЄш:</p>\r\n\r\n<ul>\r\n\t<li>25 ўрёют схёяЁютюфэюую тюёяЁюшчтхфхэш ;</li>\r\n\t<li>эрє°эшъш ё юЄъЁ√Єющ яюёрфъющ;</li>\r\n\t<li>фшэрьшъш ё шэфштшфєры№эющ эрёЄЁющъющ;</li>\r\n\t<li>яюффхЁцштрхЄ схёяЁютюфэє■ чрЁ фъє.</li>\r\n</ul>"  }},{  "model": "main.product",  "pk": 7,  "fields": {    "name": "Radiotehnika S-20NA Black Ash",    "price": 236218,    "maker": 10,    "description": "╧юыюўэр  ръєёЄшър",    "category": 4,    "color": "╫хЁэ√щ",    "quantity": 1,    "photo": "photo/2025/04/03/radiotehnika_s20na_3.webp",    "full_description": "<p>Radiotehnika S-20N A - ръЄштэр  ръєёЄшўхёър  ёшёЄхьр ъырёёр Hi-Fi ё фхЄры№э√ь, ьрё°Єрсэ√ь ш єтыхърЄхы№э√ь чтєўрэшхь. ╬эш юёэр∙хэ√ °шЁюъшь эрсюЁюь тїюфют ш уюЄют√ ъ яюфъы■ўхэш■ ёрь√ї Ёрчэ√ї шёЄюўэшъют чтєър, юЄ ёьрЁЄЇюэр фю яЁюшуЁ√трЄхы  тшэшыют√ї яырёЄшэюъ.</p>\r\n\r\n<p>╬ёюсхээюёЄш:</p>\r\n\r\n<ul>\r\n\t<li>┬╫-шчыєўрЄхы№: 25,4 ьь, °хыъют√щ ъєяюы;</li>\r\n\t<li>╤╫/═╫-шчыєўрЄхы№: 130 ьь. ─шЇЇєчюЁ шч шээютрЎшюээюую ьрЄхЁшрыр &laquo;POLYGLASS&raquo;;</li>\r\n\t<li>єёшышЄхы№ ью∙эюёЄ№■ 50 ┬Є эр ърэры;</li>\r\n\t<li>тёЄЁюхээ√щ ЇюэюъюЁЁхъЄюЁ;</li>\r\n\t<li>ЎшЇЁю-рэрыюуют√щ яЁхюсЁрчютрЄхы№;</li>\r\n\t<li>ьюфєы№ Bluetooth 5.0 ё яюффхЁцъющ aptX HD;</li>\r\n\t<li>юЄёєЄёЄтшх юъЁрёъш чтєўрэш  фрцх эр т√ёюъющ уЁюьъюёЄш.</li>\r\n</ul>"  }},{  "model": "main.product",  "pk": 8,  "fields": {    "name": "Amphion Argon3LS Full White",    "price": 850000,    "maker": 11,    "description": "═ряюы№эр  ръєёЄшър",    "category": 4,    "color": "┴хы√щ",    "quantity": 3,    "photo": "photo/2025/04/03/amphion_argon7ls_white_1.webp",    "full_description": "<p><span style=\"color:#000000\">Amphion Argon3LS - ¤Єю эряюы№эр  ръєёЄшър Hi-Fi ъырёёр. ╩юыюэъш яЁхфэрчэрўхэ√ яЁхцфх тёхую фы  яЁюёыє°штрэш  ьєч√ъш т Єрэфхьх ёю ёЄхЁхю єёшышЄхыхь, эю яЁш яюёЄЁюхэшш фюьр°эхую ъшэюЄхрЄЁр ьюуєЄ ёюёЄртшЄ№ ёшы№эє■ ёЄюЁюэє т ърўхёЄтх ЇЁюэЄры№э√ї ъюыюэюъ. ╩юыюэъш юЄышўэю тяш°єЄё  т ъюьэрЄє шыш уюёЄшэє■, р эшцэ   ўрёЄюЄр юЄ 30 ├Ў шчсрты хЄ юЄ эхюсїюфшьюёЄш ёрстєЇхЁр.</span></p>\r\n\r\n<h3><span style=\"color:#000000\">╬ёюсхээюёЄш:</span></h3>\r\n\r\n<ul>\r\n\t<li><span style=\"color:#000000\">фтєїяюыюёэр  ръєёЄшўхёър  ёшёЄхьр ё ярёёштэ√ь тєЇхЁюь;</span></li>\r\n\t<li><span style=\"color:#000000\">25 ьь ЄтшЄхЁ шч ЄшЄрэр;</span></li>\r\n\t<li><span style=\"color:#000000\">165 ьь тєЇхЁ ё фшрЇЁруьющ шч ры■ьшэш ;</span></li>\r\n\t<li><span style=\"color:#000000\">тюыэютюф 5-ую яюъюыхэш ; эшчър  Єюўър яхЁхёхўхэш  ъЁюёёютхЁр;</span></li>\r\n\t<li><span style=\"color:#000000\">урЁрэЄшЁютрээр  яЁюшчтюфшЄхы№эюёЄ№ т ы■сюь.</span>&nbsp;</li>\r\n</ul>"  }},{  "model": "main.product",  "pk": 9,  "fields": {    "name": "Naim Mu-So 2nd Gen Black",    "price": 826909,    "maker": 26,    "description": "┴хёяЁютюфэр  ръєёЄшър",    "category": 4,    "color": "╫хЁэ√щ",    "quantity": 7,    "photo": "photo/2025/04/03/mu-so_2nd_generation_34_up_pt.jpg",    "full_description": "<p>Naim Mu-So 2nd Generation - Єюяютр  схёяЁютюфэр  рєфшю ёшёЄхьр фы  тр°хщ ы■сшьющ ьєч√ъш.</p>\r\n\r\n<p>╬ёюсхээюёЄш:</p>\r\n\r\n<ul>\r\n\t<li>эютюх &quot;єьэюх&quot; єяЁртыхэшх;</li>\r\n\t<li>ёютЁхьхээ√х яюЄюъют√х ёхЁтшё√;</li>\r\n\t<li>ьєы№ЄшЁєь;</li>\r\n\t<li>єёютхЁ°хэёЄтютрээ√щ Wi-Fi;</li>\r\n\t<li>єёютхЁ°хэёЄтютрээ√х фшэрьшъш;</li>\r\n\t<li>єыєў°хээр  срёютр  юЄфрўр;</li>\r\n\t<li>ёютьхёЄшьюёЄ№ ё Roon;</li>\r\n\t<li>т√схЁшЄх ётющ ЎтхЄ;</li>\r\n\t<li>эютр  яюЄюъютр  яырЄЇюЁьр;</li>\r\n\t<li>сюы№°х ьєч√ъры№эющ ью∙ш!;</li>\r\n\t<li>HDMI Arc;</li>\r\n\t<li>шэЄхуЁрЎш  ёю Smart Home.</li>\r\n</ul>"  }},{  "model": "main.product",  "pk": 10,  "fields": {    "name": "Bowers & Wilkins 607 S3 Black",    "price": 448217,    "maker": 8,    "description": "╧юыюўэр  ръєёЄшър",    "category": 4,    "color": "╫хЁэ√щ",    "quantity": 8,    "photo": "photo/2025/04/03/wthyyf4yoleeszlyk9l2ge3cyfrf6j2j.jpg",    "full_description": "<p>Bowers &amp; Wilkins яЁхфёЄртшыш эютюх яюъюыхэшх яюяєы Ёэющ ёхЁшш ръєёЄшъш 600 S3, ъюЄюЁр  юяшЁрхЄё  эр ЄЁш фхё ЄшыхЄш  юя√Єр ёючфрэш  ЁхЇхЁхэёэюую ёЄрэфрЁЄр т юсырёЄш фюёЄєяэ√ї, эю т√ёюъюърўхёЄтхээ√ї ръєёЄшўхёъшї ёшёЄхь. ▌Єю єцх тюё№ьюх яюъюыхэшх юфэющ шч ёрь√ї шчтхёЄэ√ї Hi-Fi-ышэххъ, яюыєўшт°хх ёрьюх ьрё°Єрсэюх юсэютыхэшх т шёЄюЁшш ╤хЁшш 600.</p>\r\n\r\n<p>╬ёюсхээюёЄш:</p>\r\n\r\n<ul>\r\n\t<li>Єшя: яюыюўэр  ръєёЄшўхёър  ёшёЄхьр;</li>\r\n\t<li>Єшя шчыєўрЄхыхщ: фшэрьшўхёъшх;</li>\r\n\t<li>ръєёЄшўхёъюх шчыєўхэшх: ьюэюяюы Ёэюх;</li>\r\n\t<li>ўрёЄюЄэр  їрЁръЄхЁшёЄшър: 52 ├Ў &ndash; 28 ъ├Ў;</li>\r\n\t<li>ўєтёЄтшЄхы№эюёЄ№: 84 ф┴;</li>\r\n\t<li>┬╫-шчыєўрЄхы№: 25 ьь c ЄшЄрэют√ь ъєяюыюь;</li>\r\n\t<li>═╫/╤╫-шчыєўрЄхы№: 130 ьь c фшЇЇєчюЁюь Continuum.</li>\r\n</ul>"  }},{  "model": "main.product",  "pk": 11,  "fields": {    "name": "Klipsch Surround 3 Black",    "price": 236218,    "maker": 9,    "description": "╧юыюўэр  ръєёЄшър",    "category": 4,    "color": "╫хЁэ√щ",    "quantity": 5,    "photo": "photo/2025/04/03/SQUARESurround-3_Front.webp",    "full_description": "<p>╩юыюэър Klipsch Surround 3 шьххЄ чръЁ√Є√щ ъюЁяєё ш хх ьюцэю єёЄрэютшЄ№ тяыюЄэє■ ъ ёЄхэх шыш яюфтхёшЄ№ эр ёяхЎшры№эюь ъЁюэ°Єхщэх (яЁшюсЁхЄрхЄё  юЄфхы№эю). ─ы  хую ъЁхяыхэш  эр чрфэхщ ярэхыш ъюыюэъш шьххЄё  ёяхЎшры№эюх Ёхч№сютюх юЄтхЁёЄшх. ▌Єр ръєёЄшўхёър  ёшёЄхьр яЁхфёЄрты хЄ ёюсющ юЄышўэ√щ трЁшрэЄ ряуЁхщфр ёютьхёЄшь√ї ёрєэфсрЁют Klipsch, р хх чтєўрэшх юЄышўрхЄё  ёсрырэёшЁютрээюёЄ№■ ш °шЁюъющ фшруЁрььющ эряЁртыхээюёЄш.</p>\r\n\r\n<p>╬ёюсхээюёЄш:</p>\r\n\r\n<ul>\r\n\t<li>схёяЁютюфэр  Є√ыютр  ръєёЄшър фы  ёютьхёЄшь√ї ёрєэфсрЁют Klipsch;</li>\r\n\t<li>эхсюы№°шх ЁрчьхЁ√ ш ью∙э√щ чтєъ;</li>\r\n\t<li>яЁюёЄюх яюфъы■ўхэшх;</li>\r\n\t<li>тючьюцэюёЄ№ ёючфрэш  ёшёЄхь√ 5.1;</li>\r\n</ul>"  }},{  "model": "main.product",  "pk": 12,  "fields": {    "name": "Wharfedale Diamond 12.3 Walnut Pearl",    "price": 336635,    "maker": 12,    "description": "═ряюы№эр  ръєёЄшър",    "category": 4,    "color": "╥хьэю-ъюЁшўэхт√щ",    "quantity": 3,    "photo": "photo/2025/04/03/6256493861.jpg",    "full_description": "<p>╤хЁш  Diamond 12 &mdash; ¤Єю эютхщ°р  шэърЁэрЎш  ръєёЄшъш Diamond, ъюЄюЁр  яю тшырё№ эр Ё√эъх х∙х т 80-х уюф√. ╬фэющ шч уыртэ√ї юёюсхээюёЄхщ ёхЁшш Diamond 12 ёЄры ьрЄхЁшры Klarity, шч ъюЄюЁюую т√яюыэхэ√ фшЇЇєчюЁ√: ёьхё№ яюышяЁюяшыхэр ш ёы■ф√ яЁшчтрэр фюсртшЄ№ ъюэєёрь цхёЄъюёЄш ш ьшэшьшчшЁютрЄ№ ¤ЇЇхъЄ &laquo;юъЁр°штрэш &raquo; чтєър. ╩Ёюьх Єюую, фЁрщтхЁ√ шч Klarity яюыєўшыш ь уъшх яюфтхё√, сыруюфрЁ  ўхьє юэш юсырфр■Є &laquo;ьръёшьры№эю тючьюцэющ ышэхщэющ їрЁръЄхЁшёЄшъющ&raquo;.</p>\r\n\r\n<p>─рээр  ьюфхы№ юсырфрхЄ юўхэ№ т√уюфэ√ь ёююЄэю°хэшхь ърўхёЄтр ш Ўхэ√ ш  ты хЄё  їюЁю°шь т√сюЁюь фы  ьэюушї ьхыюьрэют, т Єюь ўшёых ш ёЄЁю ∙шї ётю■ яхЁтє■ Hi-Fi-ёшёЄхьє. ═х ьхэхх юЁурэшўэю Wharfedale Diamond 12.3 сєфхЄ ёьюЄЁхЄ№ё  ш т ёюёЄртх ёютЁхьхээюую фюьр°эхую ъшэюЄхрЄЁр, т ъюьяыхъЄх ё фЁєушьш └╤ фрээющ ёхЁшш.</p>\r\n\r\n<p>╬ёюсхээюёЄш:</p>\r\n\r\n<ul>\r\n\t<li>эряюы№эр  ръєёЄшўхёър  ёшёЄхьр ыхухэфрЁэюую сЁхэфр;</li>\r\n\t<li>фшЇЇєчюЁ√ Klarity шч яхэюяЁюяшыхэр;</li>\r\n\t<li>ьруэшЄэр  ёшёЄхьр ё ры■ьшэшхт√ь ъюьяхэёрЎшюээ√ь ъюы№Ўюь;</li>\r\n\t<li>ЄтшЄхЁ шч Єърэхтющ яыхэъш;</li>\r\n\t<li>ьэюуюёыющэ√щ ё¤эфтшў-фшчрщэ;</li>\r\n\t<li>ъЁюёёютхЁ√ ╦шэътшЎр&ndash;╨рщыш ўхЄтхЁЄюую яюЁ фър;</li>\r\n\t<li>°шя√-юяюЁ√ фы  тшсЁюЁрчт чъш.</li>\r\n</ul>"  }},{  "model": "main.product",  "pk": 13,  "fields": {    "name": "Premiera ECO BT",    "price": 118579,    "maker": 13,    "description": "╧ЁюшуЁ√трЄхы№ тшэшыр",    "category": 3,    "color": "╫хЁэ√щ",    "quantity": 4,    "photo": "photo/2025/04/03/8f594eeab368020d-1280x1280.jpg",    "full_description": "<p>Premiera ECO BT &mdash; ╧ЁюшуЁ√трЄхы№ тшэшыют√ї фшёъют ёю тёЄЁюхээ√ь ЇюэюъюЁЁхъЄюЁюь RIAA ш ЇєэъЎшхщ Bluetooth яюфъы■ўхэш . ┬ яЁюшуЁ√трЄхы ї Premiera ЄЁрфшЎшюээр , яЁютхЁхээр  фхё ЄшыхЄш ьш ъюэёЄЁєъЎш  ёюўхЄрхЄё  ё ёютЁхьхээ√ь т√ёюъюЄхїэюыюушўхёъшь шёяюыэхэшхь.</p>\r\n\r\n<p>╬ёюсхээюёЄш:</p>\r\n\r\n<ul>\r\n\t<li>Bluetooth version: 5.1;</li>\r\n\t<li>ёЄрсшы№эр  ёъюЁюёЄ№ тЁр∙хэш  юяюЁэюую фшёър;</li>\r\n\t<li>ыхуъюёЄ№ ш єфюсэюёЄ№ эрёЄЁющъш ЄюэрЁьр ш уюыютъш;</li>\r\n\t<li>тёЄЁюхээ√щ сыюъ яшЄрэш ;</li>\r\n\t<li>ърўхёЄтхээ√щ тёЄЁюхээ√щ ЇюэюъюЁЁхъЄюЁ;</li>\r\n\t<li>╠╠ ърЁЄЁшфц Audio-Technica AT3600L;</li>\r\n\t<li>чрЄюўър шуы√ ъюэшўхёър ;</li>\r\n\t<li>юяюЁэ√щ фшёъ: └ы■ьшэшхт√щ ышЄющ;</li>\r\n\t<li>эшчъшщ єЁютхэ№ фхЄюэрЎшш.</li>\r\n</ul>"  }},{  "model": "main.product",  "pk": 14,  "fields": {    "name": "Lenco LS-55BK Black",    "price": 71567,    "maker": 14,    "description": "╧ЁюшуЁ√трЄхы№ тшэшыр",    "category": 3,    "color": "╫хЁэ√щ",    "quantity": 10,    "photo": "photo/2025/04/03/vinilovyy_proigryvatel_lenco_ls55_black_ls55bk.webp",    "full_description": "<p>┬шэЄрцэ√щ фшчрщэ ё ёютЁхьхээ√ьш Єхїэюыюуш ьш. Lenco LS-55BK - ¤Єю т√ёюъюърўхёЄтхээ√щ яЁюшуЁ√трЄхы№ тшэшыют√ї яырёЄшэюъ ё Ёхьхээ√ь яЁштюфюь ш ЇєэъЎш ьш, юЄтхўр■∙шьш ы■с√ь яюЄЁхсэюёЄ ь ёютЁхьхээюую ьхыюьрэр. ▌Єю шфхры№э√щ т√сюЁ фы  тёхї ы■сшЄхыхщ тшэшыр. ╧ЁюшуЁ√трЄхы№ LS-55 яюыэюёЄ№■ ЁрёъЁюхЄ тр°є ъюыыхъЎш■ тшэшыют√ї яырёЄшэюъ.</p>\r\n\r\n<p>╩юьяыхъЄрЎш :</p>\r\n\r\n<ul>\r\n\t<li>&nbsp;</li>\r\n\t<li>USB ярэхы№ фы  юЎшЇЁютъш яырёЄшэюъ ш яЁюёыє°штрэш  ьєч√ъш ё USB-эръюяшЄхы ;</li>\r\n\t<li>тёЄЁюхээ√щ Bluetooth;</li>\r\n\t<li>тёЄЁюхээ√х фшэрьшъш, 2 ї 5 ┬Є;</li>\r\n\t<li>RCA т√їюф фы  яюфъы■ўхэш  тэх°эшї фшэрьшъют;</li>\r\n\t<li>ЄЁш ёъюЁюёЄш тЁр∙хэш  - 33, 45, 78 юсюЁюЄют т ьшэєЄє;</li>\r\n\t<li>ъхЁрьшўхёъшщ ърЁЄЁшфц ё шуыющ;</li>\r\n\t<li>Ёхьхээ√щ яЁштюф;</li>\r\n\t<li>ЇєэъЎш  ртЄюёЄюяр;</li>\r\n\t<li>ё·хьэр  чр∙шЄэр  ъЁ√°ър;</li>\r\n\t<li>ъхЁрьшўхёъшщ ърЁЄЁшфц 402-M208-015;</li>\r\n\t<li>ъюЁяєё т√яюыэхэ шч фхЁхтр.</li>\r\n</ul>"  }},{  "model": "main.product",  "pk": 15,  "fields": {    "name": "Audio-Technica AT-LP140XP Silver",    "price": 418442,    "maker": 4,    "description": "╧ЁюшуЁ√трЄхы№ тшэшыр",    "category": 3,    "color": "╤хЁхсЁшёЄ√щ",    "quantity": 7,    "photo": "photo/2025/04/03/7547780835e296df60f058_medium.jpg",    "full_description": "<p>Audio-Technica AT-LP140XP - ¤Єю яЁюшуЁ√трЄхы№ тшэшыр ё яюыэюёЄ№■ Ёєўэ√ь єяЁртыхэшхь, юёэр∙хээ√щ фтшурЄхыхь ё яЁ ь√ь яЁштюфюь ё т√ёюъшь ъЁєЄ ∙шь ьюьхэЄюь ш рэЄшЁхчюэрэёэ√ь ры■ьшэшхт√ь яырЄЄхЁюь. ┬ ъюьяыхъЄх ё яЁюшуЁ√трЄхыхь шфхЄ ЇюэюърЁЄЁшфц AT-XP3 фы  яхЁхфрўш Hi-Fi-ёшуэрыр. ╟р ёўхЄ яЁюўэющ ш эрфхцэющ ъюэёЄЁєъЎшш ърЁЄЁшфцр ьюцэю тЁєўэє■ Ёрчьх∙рЄ№ ш ёэшьрЄ№ шуыє.</p>\r\n\r\n<p>╬ёюсхээюёЄш:</p>\r\n\r\n<ul>\r\n\t<li>яюыэюёЄ№■ Ёєўэющ Ёхцшь єяЁртыхэш ;</li>\r\n\t<li>ёхЁтюфтшурЄхы№ ё яЁ ь√ь яЁштюфюь ш т√ёюъшь єЁютэхь ъЁєЄ ∙хую ьюьхэЄр;</li>\r\n\t<li>ёъюЁюёЄэ√х Ёхцшь√: 33,3 юс/ь, 45 юс/ь, 78 юс/ьшэ;</li>\r\n\t<li>ЇєэъЎш  юсЁрЄэюую тюёяЁюшчтхфхэш ;</li>\r\n\t<li>єэштхЁёры№эр  чруыє°ър AT-HS6 ш ЇюэюърЁЄЁшфц AT-XP3;</li>\r\n\t<li>ЄюэрЁь S-ЇюЁь√ ё ушфЁртышўхёъшь фхьяЇшЁютрэшхь, ЁхуєышЁютъющ т√ёюЄ√;</li>\r\n\t<li>ёЄЁюсюёъюяшўхёъшщ яырЄЄхЁ ё шэфшърЎшхщ ёъюЁюёЄш;</li>\r\n\t<li>т√фтшцэр  ырьяюўър фы  яюфётхЄъш шуы√ яЁш ёырсюь юётх∙хэшш.</li>\r\n</ul>"  }},{  "model": "main.product",  "pk": 16,  "fields": {    "name": "Denon DP-29F silver",    "price": 130856,    "maker": 28,    "description": "╧ЁюшуЁ√трЄхы№ тшэшыр",    "category": 3,    "color": "╤хЁхсЁшёЄ√щ",    "quantity": 3,    "photo": "photo/2025/04/03/LD0001190324_2.jpg",    "full_description": "<p>DP-29F ёэрсцхэ ртЄюьрЄшўхёъющ ёшёЄхьющ, тъы■ўр■∙хщ ьєч√ъє яЁш яЁюёЄюь эрцрЄшш ъэюяъш ш яЁхъЁр∙р■∙хщ ЁрсюЄє яюёых юъюэўрэш  тюёяЁюшчтхфхэш  - ЄюэрЁь яЁш ¤Єюь тючтЁр∙рхЄё  т эрўры№эюх яюыюцхэшх, р тЁр∙хэшх юяюЁэюую фшёър яЁхъЁр∙рхЄё . ╤шёЄхьр шёъы■ўрхЄ тючьюцэюёЄ№ яю тыхэш  ёыєўрщэ√ї ЎрЁряшэ эр яырёЄшэъх тю тЁхь  тюёяЁюшчтхфхэш .</p>\r\n\r\n<p>╬ёюсхээюёЄш:</p>\r\n\r\n<ul>\r\n\t<li>юяюЁэ√щ фшёъ шч ры■ьшэш ;</li>\r\n\t<li>яЁхфєёЄрэютыхээ√щ ЄюэрЁь ш чтєъюёэшьрЄхы№;</li>\r\n\t<li>тёЄЁюхээ√щ ЇюэюъюЁЁхъЄюЁ;</li>\r\n\t<li>ртЄюьрЄшўхёъюх єяЁртыхэшх.</li>\r\n</ul>"  }},{  "model": "main.product",  "pk": 17,  "fields": {    "name": "Music Public Kingdom TT53AT Red Wood",    "price": 99415,    "maker": 15,    "description": "╧ЁюшуЁ√трЄхы№ тшэшыр",    "category": 3,    "color": "╩Ёрёэ√щ",    "quantity": 6,    "photo": "photo/2025/04/03/f886edf8-a36c-11ef-afac-ea071785969f.png",    "full_description": "<p>Music Public Kingdom TT53AT - яЁюшуЁ√трЄхы№ тшэшыр ё Ёєўэ√ь єяЁртыхэшхь.</p>\r\n\r\n<p>╬ёюсхээюёЄш:</p>\r\n\r\n<ul>\r\n\t<li>юЄышўэ√щ трЁшрэЄ фы  эрўшэр■∙шї ы■сшЄхыхщ тшэшыр;</li>\r\n\t<li>Bluetooth т√їюф;</li>\r\n\t<li>ъыхььр чрчхьыхэш ;</li>\r\n\t<li>ЁхуєышЁєхь√щ яЁюЄштютхё ЄюэрЁьр;</li>\r\n\t<li>ёъюЁюёЄш тюёяЁюшчтхфхэш : 33, 45 юс/ьшэ;</li>\r\n\t<li>яхЁхъы■ўрЄхы№ PHONO/LINE;</li>\r\n\t<li>тёЄЁюхээ√щ ЇюэюъюЁЁхъЄюЁ;</li>\r\n\t<li>уюыютър чтєъюёэшьрЄхы  ё фтющэ√ь яюфтшцэ√ь ьруэшЄюь (Audio-Technica AT3600L).</li>\r\n</ul>"  }},{  "model": "main.product",  "pk": 18,  "fields": {    "name": "Auris Funky Alaskan White Oak",    "price": 299324,    "maker": 16,    "description": "╧ЁюшуЁ√трЄхы№ тшэшыр",    "category": 3,    "color": "┴хы√щ",    "quantity": 9,    "photo": "photo/2025/04/03/auris-jazz-whiteoak-001.jpg",    "full_description": "<p>Auris Funky - яЁюшуЁ√трЄхы№ тшэшыр т ъюЄюЁюь тхўэр  ¤ыхурэЄэюёЄ№ ёюўхЄрхЄё  ё яхЁхфют√ьш Єхїэюыюуш ьш, ёючфртр  эхяЁхтчющфхээюх тяхўрЄыхэшх юЄ тшэшыр. ╤ючфрээ√щ ё Є∙рЄхы№э√ь тэшьрэшхь ъ фхЄры ь, Auris Funky ёюўхЄрхЄ т ёхсх ЁхЄЁю-°рЁь ш ёютЁхьхээ√х шээютрЎшш, ўЄю фхырхЄ хую шфхры№э√ь т√сюЁюь ъръ фы  ьхыюьрэют, Єръ ш фы  ы■сшЄхыхщ ьєч√ъш..</p>\r\n\r\n<p>╬ёюсхээюёЄш:</p>\r\n\r\n<ul>\r\n\t<li>фтшурЄхы№ яюёЄю ээюую Єюър;</li>\r\n\t<li>ьрЄхЁшры: ёютЁхьхээ√щ ъюьяючшЄ;</li>\r\n\t<li>¤ЇЇхъЄштэр  тшсЁюшчюы Ўш ;</li>\r\n\t<li>Tonarm T809.</li>\r\n</ul>"  }},{  "model": "main.product",  "pk": 19,  "fields": {    "name": "Shure SM7B",    "price": 328729,    "maker": 17,    "description": "╠шъЁюЇюэ тюъры№э√щ",    "category": 2,    "color": "╫хЁэ√щ",    "quantity": 15,    "photo": "photo/2025/04/03/shure_78.jpg",    "full_description": "<p>SM7B - ¤Єю ьшъЁюЇюэ ё Ёютэ√ь ш Є╕яы√ь чтєъюь, ъюЄюЁ√щ шфхры№эю яюфїюфшЄ фы  ЁрсюЄ√ эр сышчъюь ЁрёёЄю эшш, эряЁшьхЁ, яЁш чряшёш ЁрфшюяхЁхфрў ш чрърфЁютющ эрўшЄъш фы  Єхыхтшфхэш . ╬э Єръцх °шЁюъю шёяюы№чютрыё  фы  чряшёш тюъры№э√ї ярЁЄшщ т ьэюуюўшёыхээ√ї ры№сюьрї.</p>\r\n\r\n<p>╬ёюсхээюёЄш:</p>\r\n\r\n<ul>\r\n\t<li>яыюёър  ш °шЁюър  ўрёЄюЄэр  їрЁръЄхЁшёЄшър фы  шёъы■ўшЄхы№эю ўшёЄюую ш хёЄхёЄтхээюую тюёяЁюшчтхфхэш  ьєч√ъш ш Ёхўш;</li>\r\n\t<li>¤ыхьхэЄ√ єяЁртыхэш  ёярфюь т юсырёЄш эшчъшї ўрёЄюЄ ш ръЎхэЄюь эр ёЁхфэшї (ЁюёЄ ¤ЇЇхъЄр яЁшёєЄёЄтш ) ё уЁрЇшўхёъшь юЄюсЁрцхэшхь эрёЄЁющъш ўрёЄюЄэющ їрЁръЄхЁшёЄшъш;</li>\r\n\t<li>єыєў°хэю яюфртыхэшх ¤ыхъЄЁюьруэшЄэюую °єьр, юяЄшьшчшЁютрэю фы  ¤ъЁрэшЁютрэш  юЄ °шЁюъюяюыюёэ√ї яюьхї, шчыєўрхь√ї ъюья№■ЄхЁэ√ьш ьюэшЄюЁрьш ш фЁєующ Єхїэшъющ;</li>\r\n\t<li>тэєЄЁхээ   тшсЁюшчюышЁє■∙р  &laquo;тючфє°эр  яюфтхёър&raquo; яЁръЄшўхёъш яюфрты хЄ яхЁхфрўє ьхїрэшўхёъюую °єьр;</li>\r\n\t<li>т√ёюъю¤ЇЇхъЄштэ√щ яюя-Їшы№ЄЁ єёЄЁрэ хЄ эхюсїюфшьюёЄ№ т ы■сющ фюяюыэшЄхы№эющ чр∙шЄх юЄ тчЁ√тэ√ї чтєъют ф√їрэш  яЁш чряшёш тюърыр шыш Ёхўш фрцх ё сышчъюую ЁрёёЄю эш ;</li>\r\n\t<li>ъЁхяыхэшх ъЁюэ°Єхщэр ё яюью∙№■ урщъш фы  яЁюёЄюЄ√ ьюэЄрцр ш фхьюэЄрцр юсхёяхўштрхЄ Єюўэ√щ ъюэЄЁюы№ яюыюцхэш  ьшъЁюЇюэр;</li>\r\n\t<li>ъырёёшўхёър  ърЁфшюшфэр  фшруЁрььр эряЁртыхээюёЄш, юЄышўр■∙р ё  юфэюЁюфэюёЄ№■ яю ўрёЄюЄх ш ёшььхЄЁшўэюёЄ№■ юЄэюёшЄхы№эю юёш, юсхёяхўштрхЄ ьръёшьры№эюх юЄЁрцхэшх ш ьшэшьры№эє■ юъЁрёъє тэхюёхтюую чтєър;</li>\r\n\t<li>яЁюўэр  ъюэёЄЁєъЎш  ш юЄышўэр  чр∙шЄр ъряё■ы  фы  яЁхтюёїюфэющ эрф╕цэюёЄш;</li>\r\n\t<li>тхЄЁючр∙шЄэ√щ ¤ъЁрэ, яЁхфэрчэрўхээ√щ фы  єёЄЁрэхэш  тчЁ√тэ√ї чтєъют ш фы  юъЁр°штрэш  т сюыхх Є╕яы√щ Єюэ тюърыр, ёэшьрхьюую ё сышчъюую ЁрёёЄю эш ;</li>\r\n</ul>"  }},{  "model": "main.product",  "pk": 20,  "fields": {    "name": "╤╬▐╟ 1973 Nickel",    "price": 449105,    "maker": 18,    "description": "╠шъЁюЇюэ ёЄєфшщэ√щ",    "category": 2,    "color": "╤хЁхсЁшёЄю-чюыюЄющ",    "quantity": 14,    "photo": "photo/2025/04/03/1973-N-1.jpg",    "full_description": "<p>1973 - яЁюЇхёёшюэры№э√щ, эю фюёЄєяэ√щ яю Ўхэх ъюэфхэёрЄюЁэ√щ ьшъЁюЇюэ ё °шЁюъющ ьхьсЁрэющ, ъряё■ыхь Ёєўэющ ЁрсюЄ√ ш ърўхёЄтюь ёсюЁъш ьшЁютюую єЁютэ . ╩ръ ш фЁєушх ьшъЁюЇюэ√ ёхьхщёЄтр ╤╬▐╟, 1973 &mdash; эх ъюяш  шыш ъыюэ тшэЄрцэ√ї ьюфхыхщ, р ъырёёшўхёъшщ ЇюЁьрЄ т ёютЁхьхээюь шёяюыэхэшш. ┬ё╕ ёфхырэю яю ёЄрЁшэъх: ёюсёЄтхээ√х яЁюшчтюфёЄтхээ√х ью∙эюёЄш, яЁшёЄры№эюх тэшьрэшх ъ фхЄры ь, эшъръющ ¤ъюэюьшш эр яЁюЎхёёрї.</p>\r\n\r\n<p>╬ёюсхээюёЄш:</p>\r\n\r\n<ul>\r\n\t<li>тфюїэютыхэ чюыюЄющ ¤яюїющ ЄЁрэчшёЄюЁэ√ї ьшъЁюЇюэют;</li>\r\n\t<li>ъырёёшўхёъшщ ъряё■ы№ 023 Bomblet;</li>\r\n\t<li>эют√щ ¤ыхурэЄэ√щ фшчрщэ ъюЁяєёр;</li>\r\n\t<li>ъряё■ы№: фтх 33-ьь ьхьсЁрэ√ (юфэр ё чюыюЄ√ь эря√ыхэшхь);</li>\r\n\t<li>Pad: -10 ф┴ / -20 ф┴.</li>\r\n</ul>"  }},{  "model": "main.product",  "pk": 21,  "fields": {    "name": "RODE NT1 5th Generation Black",    "price": 192212,    "maker": 19,    "description": "╠шъЁюЇюэ ёЄєфшщэ√щ",    "category": 2,    "color": "╫хЁэ√щ",    "quantity": 5,    "photo": "photo/2025/04/03/2.jpg",    "full_description": "<p>Rode NT1 5th Generation - юсэютыхээр  тхЁёш  яюяєы Ёэюую ърЁфшюшфэюую ьшъЁюЇюэр Rode NT1 ё ръёхёёєрЁрьш т ъюьяыхъЄх. ╬ёэютр ьшъЁюЇюэр - ф■щьют√щ ъряё■ы№ ё ърЁфшюшфэющ фшруЁрььющ эряЁртыхээюёЄш. ╤ючфрхЄ Єхяыюх ъырёёшўхёъюх чтєўрэшх ё ьшэшьры№э√ь єЁютэхь °єьют ш т√ёюъшь єЁютэхь чтєъютюую фртыхэш  (142 ф┴).</p>\r\n\r\n<p>╬ёюсхээюёЄш:</p>\r\n\r\n<ul>\r\n\t<li>ъюэфхэёрЄюЁэ√щ ьшъЁюЇюэ;</li>\r\n\t<li>фшрярчюэ Ёрсюўшї ўрёЄюЄ: юЄ 20 фю 20 000 ├Ў;</li>\r\n\t<li>ёЄхяхэ№ ўєтёЄтшЄхы№эюёЄш: -32 ф┴;</li>\r\n\t<li>фшруЁрььр эряЁртыхээюёЄш: ърЁфшюшфр;</li>\r\n\t<li>юсЁрсюЄър ёшуэрыр: ЎшЇЁютр , APHEX;</li>\r\n\t<li>ЎшЇЁютющ яюЁЄ USB-C ё ЁрчЁх°хэшхь 32-сшЄ ш └╓╧ фю 192 ъ├Ў.</li>\r\n</ul>"  }},{  "model": "main.product",  "pk": 22,  "fields": {    "name": "Neumann U 87 Ai Studio Set",    "price": 965565,    "maker": 20,    "description": "╠шъЁюЇюэ ёЄєфшщэ√щ",    "category": 2,    "color": "╟юыюЄшёЄ√щ",    "quantity": 8,    "photo": "photo/2025/04/03/U87-Ai-StudioSet-3.jpg",    "full_description": "<p>&nbsp;</p>\r\n\r\n<p>Neumann U 87 Ai, тючьюцэю, ёрь√щ шчтхёЄэ√щ ш °шЁюъю шёяюы№чєхь√щ ьшъЁюЇюэ ъюьярэшш Neumann. ┬ эхь шёяюы№чютрэ ъряё■ы№ ё ъЁєяэющ фтющэющ ьхьсЁрэющ, юсхёяхўштр■∙шщ ЄЁш фшруЁрьь√ эряЁртыхээюёЄш: ъЁєуютє■, ърЁфшюшфэє■ ш 8-юсЁрчэє■. ╧юёыхфэшх яхЁхъы■ўр■Єё  ё яюью∙№■ ёхыхъЄюЁр, Ёрёяюыюцхээюую яюф чр∙шЄэющ Ёх°хЄъющ.</p>\r\n\r\n<p>╬ёюсхээюёЄш:</p>\r\n\r\n<ul>\r\n\t<li>ьшъЁюЇюэ ё ьхьсЁрэющ сюы№°юую фшрьхЄЁр ш яхЁхъы■ўрхь√ьш фшруЁрььрьш эряЁртыхээюёЄш;</li>\r\n\t<li>яЁхюсЁрчютрЄхы№ уЁрфшхэЄр фртыхэш , ъряё■ы№ ё фтющэющ ьхьсЁрэющ;</li>\r\n\t<li>ъырёёшўхёъшщ ёЄєфшщэ√щ ьшъЁюЇюэ;</li>\r\n\t<li>ЄЁш фшруЁрьь√ эряЁртыхээюёЄш: ъЁєуютр , ърЁфшюшфэр  ш 8-юсЁрчэр ;</li>\r\n\t<li>юсЁхчэющ Їшы№ЄЁ ═╫ ё яхЁхъы■ўрхьющ ўрёЄюЄющ ёЁхчр;</li>\r\n\t<li>юЄъы■ўрхь√щ рЄЄхэ■рЄюЁ 10 ф┴;</li>\r\n\t<li>схчєяЁхўхэ ъръ юёэютэющ шыш тёяюьюурЄхы№э√щ ьшъЁюЇюэ фы  сюы№°шэёЄтр юсырёЄхщ яЁшьхэхэш ;</li>\r\n</ul>"  }},{  "model": "main.product",  "pk": 23,  "fields": {    "name": "Shure MV7+ K Black",    "price": 215688,    "maker": 17,    "description": "╠шъЁюЇюэ фы  ёЄЁшьшэур ш шуЁ",    "category": 2,    "color": "╫хЁэ√щ",    "quantity": 10,    "photo": "photo/2025/04/03/MV7_-K_bz__07406.webp",    "full_description": "<p>Shure MV7+ K ьшъЁюЇюэ&nbsp;фы  чряшёш яюфърёЄют. ┬фюїэюты╕ээ√щ ыхухэфрЁэ√ь SM7B, MV7+ &mdash; ¤Єю фшэрьшўхёъшщ ьшъЁюЇюэ ё Ёрч·╕ьрьш USB-C ш XLR фы  яюфъы■ўхэш  ъ эюєЄсєърь, ъюья№■ЄхЁрь шыш яЁюЇхёёшюэры№эюьє юсюЁєфютрэш■. ╬э шфхры№эю яюфїюфшЄ ъръ фы  эрўшэр■∙шї, Єръ ш фы  юя√Єэ√ї ёючфрЄхыхщ ъюэЄхэЄр, шэЄєшЄштэю яюэ Єэ√щ фшчрщэ MV7+ фхырхЄ ¤ЄюЄ ьшъЁюЇюэ эхтхЁю Єэю єфюсэ√ь ш яЁюёЄ√ь т эрёЄЁющъх ш єяЁртыхэшш.</p>\r\n\r\n<p>╬ёюсхээюёЄш:</p>\r\n\r\n<ul>\r\n\t<li>юсэютыхээ√щ ушсЁшфэ√щ ьшъЁюЇюэ ё Ёрч·╕ьрьш XLR ш USB-C;</li>\r\n\t<li>ушсъшх тючьюцэюёЄш яюфъы■ўхэш  ш єяЁртыхэш ;</li>\r\n\t<li>т√ёюъюърўхёЄтхээ√щ чтєъ 24 сшЄ / 48 ъ├Ў;</li>\r\n\t<li>т√їюф эр эрє°эшъш 3.5 ьь;</li>\r\n\t<li>тёЄЁюхээ√щ яЁюЎхёёюЁ ¤ЇЇхъЄют;</li>\r\n\t<li>¤ыхурэЄэ√щ ъюьяръЄэ√щ фшчрщэ;</li>\r\n\t<li>эрёЄЁрштрхьр  яюфётхЄър.</li>\r\n</ul>"  }},{  "model": "main.product",  "pk": 24,  "fields": {    "name": "╤╬▐╟ 023 Bomblet",    "price": 832027,    "maker": 18,    "description": "╠шъЁюЇюэ ёЄєфшщэ√щ",    "category": 2,    "color": "╫хЁэ√щ",    "quantity": 4,    "photo": "photo/2025/04/03/1__34129.1651502179.500.750__21760.jpg",    "full_description": "<p>┬ ёыєўрх ё SU-023 чр юёэютє с√ы тч Є ыхухэфрЁэ√щ ╦╬╠╬ 19└21, ъюЄюЁ√щ т ётю■ юўхЁхф№ ЁрчЁрсрЄ√трыё  эр срчх AKG CK12. ╧юёых фры№эхщ°шї фюЁрсюЄюъ ш эрёЄЁюхъ эр ЇрсЁшъх ╤╬▐╟, ъряё■ы№ т√фрхЄ ¤ыхурэЄэ√щ ь уъшщ чтєъ, ё юёюсхээю яЁш Єэющ ш &laquo;ёюсЁрээющ&raquo; ёхЁхфшэющ.</p>\r\n\r\n<p>╠шъЁюЇюэ яюёЄрты хЄё  т ъюьяыхъЄх ё рЄЄхэ■рЄюЁюь -20 ф┴, фхЁцрЄхыхь, ш фхЁхт ээющ ъюЁюсюўъющ шч фєср фы  їЁрэхэш  ьшъЁюЇюэр. ╟тєъ ш ърўхёЄтю шчуюЄютыхэш  яючтюы ■Є ¤Єюьє ьшъЁюЇюэє єфхЁцштрЄ№ ышфхЁёъє■ яючшЎш■ т ётю╕ь ъырёёх. ╧юяЁюсєщЄх хую т ётюхщ ёЄєфшш ш єсхфшЄхё№ т ¤Єюь ышўэю.</p>\r\n\r\n<p>╬ёюсхээюёЄш:</p>\r\n\r\n<ul>\r\n\t<li>эрё√∙хээ√х эшч√, юЄўхЄыштр  ёхЁхфшэр ш ь уъшщ тхЁї;</li>\r\n\t<li>яюёЄрты ■Єё  т ъюьяыхъЄх ё рЄЄхэ■рЄюЁрьш -20 ф┴;</li>\r\n\t<li>єэшъры№э√щ ъряё■ы№ ёюсёЄтхээющ ЁрчЁрсюЄъш;</li>\r\n\t<li>ърёЄюьэ√щ ЄЁрэёЇюЁьрЄюЁ фюсрты хЄ юъЁрё ш уыєсшэє чтєър;</li>\r\n\t<li>яюёЄрты хЄё  т фєсют√ї °ърЄєыърї Ёєўэющ ЁрсюЄ√;</li>\r\n\t<li>100% ёфхырэ√ тЁєўэє■ эр чртюфх ╤╬▐╟р т ╥єых;</li>\r\n\t<li>ъряё■ы№ - фтх 33ьь ьхьсЁрэ√ (юфэр ё чюыюЄ√ь эря√ыхэшхь).</li>\r\n</ul>"  }},{  "model": "main.product",  "pk": 25,  "fields": {    "name": "Hidizs AP80 PRO-X Black",    "price": 106923,    "maker": 22,    "description": "╧ыххЁ",    "category": 6,    "color": "╫хЁэ√щ",    "quantity": 8,    "photo": "photo/2025/04/03/hidizs-ap80-pro-x.jpg",    "full_description": "<p>Hidizs AP80 PRO-X - ¤Єю ъюьяръЄэ√щ ш ью∙э√щ ЎшЇЁютющ ьєч√ъры№э√щ яыххЁ, т√уюфэю юЄышўр■∙шщё  ъръ ръъєЁрЄэ√ь фшчрщэюь, Єръ ш ърўхёЄтхээ√ьш ъюьяюэхэЄрьш. ╟р 2.45-ф■щьют√ь ёхэёюЁэ√ь IPS-¤ъЁрэюь ёъЁ√тр■Єё  фтр ЎшЇЁю-рэрыюуют√ї яЁхюсЁрчютрЄхы  ESS ES9219C, ью∙э√щ ╧╦╚╤ (яЁюуЁрььшЁєхьр  ыюушўхёър  шэЄхуЁры№эр  ёїхьр, ўшя Bluetooth ш хьъшщ ръъєьєы ЄюЁ. AP80 PRO-X эрёЄюы№ъю цх єэштхЁёрыхэ, эрёъюы№ъю ¤ЇЇхъЄштхэ т яырэх тюёяЁюшчтхфхэш  чтєър.</p>\r\n\r\n<p>╬ёюсхээюёЄш:</p>\r\n\r\n<ul>\r\n\t<li>яЁюЎхёёюЁ Ingenic X1000;</li>\r\n\t<li>ьшъЁюёїхьр ╓└╧ 2 x ES9219C;</li>\r\n\t<li>фрЄўшъ °руюьхЁр KX126;</li>\r\n\t<li>ёхэёюЁэ√щ ¤ъЁрэ Samsung 2.45&quot; (480x360) IPS HD;</li>\r\n\t<li>╬╤ HiBy OS 3.0;</li>\r\n\t<li>яюффхЁцштрхь√х Bluetooth ъюфхъш aptX, LDAC, UAT;</li>\r\n\t<li>яюффхЁцштрхь√х ўрёЄюЄ√ фшёъЁхЄшчрЎшш PCM фю 32 сшЄ 384 ъ├Ў ш DSD256;</li>\r\n\t<li>ряярЁрЄэр  яюффхЁцър MQA 8x.</li>\r\n</ul>"  }},{  "model": "main.product",  "pk": 26,  "fields": {    "name": "Astell&Kern SP3000T",    "price": 999999,    "maker": 23,    "description": "╧ыххЁ",    "category": 6,    "color": "╫хЁэю-ёхЁхсЁшёЄ√щ",    "quantity": 3,    "photo": "photo/2025/04/03/astell_kern_sp3000t_256gb_08.webp",    "full_description": "<p>Astell&amp;Kern A&amp;ultima SP3000T &ndash; Їыруьрэёъшщ яыххЁ ё ырьяют√ь єёшыхэшхь. └эрыюуютр  ЄхяыюЄр, ЎшЇЁютр  ЄюўэюёЄ№. ╧ЁшэЎшя ъюьярэшш Astell&amp;Kern, чръы■ўр■∙шщё  т ёючфрэшш чрїтрЄ√тр■∙хую ш фюёЄютхЁэюую чтєўрэш ,  ты хЄё  яюфЄтхЁцфхэшхь фєїр шээютрЎшщ ш ёютхЁ°хэёЄтр, тюяыю∙хээюую т ёхЁшш A&amp;ultima.</p>\r\n\r\n<p>┬ юёэютх SP3000T ыхцрЄ фтх Ёрфшюырья√, ъюЄюЁ√х шчыєўр■Є эхчхьэюх ёш эшх, фюяюыэ ■∙хх сюурЄ√щ рэрыюуют√щ чтєъ, р чрфэ   ёЄхъы ээр  ярэхы№, єъЁр°хээр  Єюэъшь єчюЁюь, ь уъю ЁрёёхштрхЄ ¤Єє ётхЄ ∙є■ё  рєЁє, ёючфртр  чртюЁрцштр■∙шщ ¤ЇЇхъЄ.</p>\r\n\r\n<p>╬ёюсхээюёЄш:</p>\r\n\r\n<ul>\r\n\t<li>фшёяыхщ: 5.5 ф■щьр 1080 x 1920 Full HD;</li>\r\n\t<li>фтющэр  тшэЄрцэр  ырьяр RAYTHEON JAN6418 MIL-SPEC;</li>\r\n\t<li>ёяюёюсхэ тюёяЁюшчтюфшЄ№ ьрЄхЁшры PCM ё ЁрчЁх°хэшхь тяыюЄ№ фю 32 сшЄ/784 ъ├Ў, DSD фю DSD512;</li>\r\n\t<li>шэЄхуЁшЁє■Єё  ё тэх°эшьш яюЄюъют√ьш яЁшыюцхэш ьш ўхЁхч ёхЁтшё Open App Service;</li>\r\n\t<li>тёЄЁюхээ√щ рфряЄхЁ Bluetooth ё яюффхЁцъющ ъюфхъют aptX HD ш LDAC,&nbsp;LHDC;</li>\r\n\t<li>юёэр∙хэ фтєїфшрярчюээ√ь ьюфєыхь Wi-Fi (2.4/5 ├├Ў);</li>\r\n\t<li>яюффхЁцштрхЄ фхъюфшЁютрэшх ЇюЁьрЄр MQA;</li>\r\n\t<li>фы  яюфъы■ўхэш  эрє°эшъют яЁхфєёьюЄЁхэ√ Ёрч·╕ь√ 2.5 ьь, 3.5 ьь ш 4.4 ьь;</li>\r\n\t<li>ёшёЄхьр ЄЁющэюую єёшышЄхы  яючтюы хЄ ёыє°рЄхы ь т√сшЁрЄ№ яЁртшы№эє■ Єюэры№эюёЄ№ фы  ётюхщ ьєч√ъш;</li>\r\n\t<li>ЄЁш єЁютэ  эряЁ цхэш  ё тючьюцэюёЄ№■ т√сюЁр Єюър т ырьях.</li>\r\n\t<li>Ёрчфхы№эр  ЎшЇЁютр  ш рэрыюуютр  юсЁрсюЄър (AK4191EQ x 2 / AK4499EX x 2).</li>\r\n\t<li>т√ёюъюяЁюшчтюфшЄхы№э√щ яЁюЎхёёюЁ Qualcomm Snapdragon&nbsp;6125&nbsp;ё 8 ├┴ ярь Єш DDR4;</li>\r\n\t<li>эхЁцртх■∙р  ёЄры№ 316L ё яюъЁ√Єшхь шч ўшёЄюую ёхЁхсЁр эр 99,9%;</li>\r\n\t<li>Ёхцшь юЄюсЁрцхэш  VU Meter.</li>\r\n</ul>"  }},{  "model": "main.product",  "pk": 27,  "fields": {    "name": "Sony NW-WM1AM2 Black",    "price": 969766,    "maker": 2,    "description": "╧ыххЁ",    "category": 6,    "color": "╫хЁэ√щ",    "quantity": 18,    "photo": "photo/2025/04/03/sony_NW_WM1AM2_1.webp",    "full_description": "<p>Sony NW-WM1AM2 яючтюы хЄ яюы№чютрЄхы■ эрёырфшЄ№ё  чтєъюь ё ёюїЁрэхэшхь Єюэўрщ°шї э■рэёют ъюьяючшЎшш. ╧ыххЁ шчуюЄютыхэ шч ьрЄхЁшрыют т√ёюўрщ°хую ърўхёЄтр, р яЁш хую эрёЄЁющъх ъюьярэш  шёяюы№чютрыр тхё№ ётющ ьэюуюыхЄэшщ юя√Є т юсырёЄш рєфшю. NW-WM1AM2 єёЄрэртыштрхЄ эют√щ ёЄрэфрЁЄ фы  єцх єфюёЄюхээющ ьэюцхёЄтр эруЁрф ъєы№Єютющ ёхЁшш яыххЁют Sony, яЁхфырур  ёрь√х шч√ёърээ√х тяхўрЄыхэш  юЄ яЁюёыє°штрэш  т єы№ЄЁр-яЁхьшры№эюь фшчрщэх.</p>\r\n\r\n<ul>\r\n\t<li>эр срчх Android 11;</li>\r\n\t<li>тёЄЁюхээр  ярь Є№ 128 ├┴ ш ёыюЄ фы  MicroSDXC ърЁЄ;</li>\r\n\t<li>¤ъЁрэ 5&quot; 1280 x 768;</li>\r\n\t<li>тЁхь  ртЄюэюьэющ ЁрсюЄ√ фю 40 ў яЁш тюёяЁюшчтхфхэшш Hi-Res Audio 96 ъ├Ў;</li>\r\n\t<li>яюффхЁцър MQA, PCM 32 сшЄ 384 ъ├Ў ш DSD256 native;</li>\r\n\t<li>яюффхЁцър 360 Reality Audio;</li>\r\n\t<li>ёхЁЄшЇшърЄ√ Hi-Res Audio ш Hi-Res Audio wireless;</li>\r\n\t<li>яюЁЄ USB-C тхЁёшш 3.2 1 яюъюыхэш ;</li>\r\n\t<li>т√їюфэр  ью∙эюёЄ№ 256 ь┬Є яЁш 16 ╬ь;</li>\r\n\t<li>ЇєэъЎш  USB-DAC.</li>\r\n</ul>"  }},{  "model": "main.product",  "pk": 28,  "fields": {    "name": "Shanling M5 Ultra Black",    "price": 445701,    "maker": 24,    "description": "╧ыххЁ",    "category": 6,    "color": "╫хЁэ√щ",    "quantity": 5,    "photo": "photo/2025/04/03/shanling-m5-ultra-black.jpg",    "full_description": "<p>DAP Shanling M5 Ultra юёэр∙хэ яхЁхфют√ьш ъюьяюэхэЄрьш ш шьххЄ юсэютыхээ√щ тэх°эшщ тшф, ўЄю фхырхЄ хую юЁшушэры№э√ь єёЄЁющёЄтюь. ╧ыххЁ юёэр∙хэ ъюьсшэшЁютрээ√ь ўшяюь AKM AK4499EX + AK4191EQ, р Єръцх шэЄхЁЇхщёюь USB XMOS XU316, ўЄю яючтюы хЄ хьє яюффхЁцштрЄ№ PCM ё т√ёюъшь ЁрчЁх°хэшхь 32 сшЄ 768 ъ├Ў ш эрЄштэ√щ DSD тяыюЄ№ фю DSD512. M5 Ultra юёэр∙хэ Єющ цх Єхїэюыюушхщ яЁхюсЁрчютрэш  ёшуэрыр, ўЄю ш ЇшЁьхээ√щ M9 Plus, ўЄю юсхёяхўштрхЄ шфхры№эюх ърўхёЄтю яЁхюсЁрчютрэш .</p>\r\n\r\n<p>╬ёюсхээюёЄш:</p>\r\n\r\n<ul>\r\n\t<li>╓└╧ AK4499EX;</li>\r\n\t<li>сыюъ єёшышЄхы  эр срчх TPA6120A2;</li>\r\n\t<li>ЎшЇЁютр  яырЄЇюЁьр Ingenic X2000;</li>\r\n\t<li>4.7&quot; IPS ЄрўёъшЁэ;</li>\r\n\t<li>фтєїёЄюЁюээшщ яюЁЄ USB-C;</li>\r\n\t<li>яюффхЁцър PCM 32 сшЄ 768 ъ├Ў ш DSD512;</li>\r\n\t<li>Wi-Fi ш Bluetooth 5.2 ё ъюфхърьш SBC, AAC, aptX, aptX HD, LDAC;</li>\r\n\t<li>3 єЁютэ  єёшыхэш ;</li>\r\n\t<li>т√їюфэр  ью∙эюёЄ№ 4.4 ьь: 1070 ь┬Є;</li>\r\n\t<li>т√їюфэр  ью∙эюёЄ№ 3.5 ьь: 305 ь┬Є;</li>\r\n\t<li>ртЄюэюьэюёЄ№ фю 10,5 ўрёют;</li>\r\n\t<li>ЇєэъЎш  с√ёЄЁющ чрЁ фъш 15 ┬Є.</li>\r\n</ul>"  }},{  "model": "main.product",  "pk": 29,  "fields": {    "name": "FiiO M17 Black",    "price": 999999,    "maker": 6,    "description": "╧ыххЁ",    "category": 6,    "color": "╫хЁэ√щ",    "quantity": 4,    "photo": "photo/2025/04/03/FiiOM17PortableHigh-ResolutionAudioPlayerBlack08_1920x.webp",    "full_description": "<p>╙эштхЁёры№э√щ ушсЁшф FiiO M17 ёюўхЄрхЄ т ёхсх ЇєэъЎшш яюЁЄрЄштэюую ш эрёЄюы№эюую Hi-Res-рєфшюяыххЁр. ═р ърцф√щ ърэры чфхё№ яЁшїюфшЄё  яю юфэюьє ╓└╧є ES9038PRO, ъюЄюЁ√щ шьххЄ 8 ярЁрыыхы№э√ї т√їюфют ш урЁрэЄшЁєхЄ ўшёЄ√щ чтєъ ё т√ёюъшь ЁрчЁх°хэшхь ш ьшэшьєьюь шёърцхэшщ. ╧ыххЁ юёэр∙хэ фтєь  юсэютыхээ√ьш єёшышЄхы№э√ьш ьюфєы ьш THX AAA-788 ё эшчъшь т√їюфэ√ь шьяхфрэёюь, ью∙эюёЄ№ ъюЄюЁ√ї єтхышўшырё№ эр 225% яю ёЁртэхэш■ ё срчют√ьш ўшярьш ш ёюёЄрты хЄ 3 ┬Є эр ърэры. ╥ръющ єёшышЄхы№ ёяюёюсхэ ёяЁртшЄ№ё  яЁръЄшўхёъш ё ы■с√ьш эрє°эшърьш.</p>\r\n\r\n<p>╒рЁръЄхЁшёЄшъш:</p>\r\n\r\n<ul>\r\n\t<li>фтр ╓└╧р ES9038PRO;</li>\r\n\t<li>фтр єёшышЄхы  THX AAA-788+;</li>\r\n\t<li>фтющэюх яшЄрэшх;</li>\r\n\t<li>2 Ёхцшьр єяЁртыхэш  уЁюьъюёЄ№■;</li>\r\n\t<li>Qualcomm QCC5124;</li>\r\n\t<li>XMOS XUF208;</li>\r\n\t<li>ёєяхЁъюэфхэёрЄюЁ;</li>\r\n\t<li>фшёяыхщ 5.99 ф■щьр;</li>\r\n\t<li>5 рєфшют√їюфют;</li>\r\n\t<li>фтр Ёрч·хьр USB Type-C;</li>\r\n\t<li>ръъєьєы ЄюЁ 9200ь└ў;</li>\r\n\t<li>RGB яюфётхЄър.</li>\r\n</ul>"  }},{  "model": "main.product",  "pk": 30,  "fields": {    "name": "Shanling M3 Ultra Green",    "price": 356549,    "maker": 24,    "description": "╧ыххЁ",    "category": 6,    "color": "╟хыхэ√щ",    "quantity": 9,    "photo": "photo/2025/04/03/e74pazmduxdxr9p2fjahg55vk65ruo1i.jpg",    "full_description": "<p>Shanling M3 Ultra&nbsp;- ¤Єю эют√щ яыххЁ ё фтєь  ўшярьш ╓└╧ ES9219C юЄ ъюьярэшш ESS.</p>\r\n\r\n<p>╬ёюсхээюёЄш:</p>\r\n\r\n<ul>\r\n\t<li>4.2-ф■щьют√щ &quot;яыртр■∙шщ&quot; фшёяыхщ&nbsp;юЄ Sharp, ё ЁрчЁх°хэшхь 768ї1280;</li>\r\n\t<li>ьшъЁюёїхьр яюёЄЁюхэр эр фтєї ўшярї ╓└╧р ES9219C;</li>\r\n\t<li>Їыруьрэёъшщ яЁюЎхёёюЁ Snapdragon 665 ш&nbsp;ш юяхЁрЎшюээр  ёшёЄхьр Android 10;</li>\r\n\t<li>Bluetooth 5.0 ё яюффхЁцъющ LDAC/LHDC/aptX HD/aptX/SBC (ЄЁрэёы Ўш ) ш SBC/LDAC (яЁшхь);</li>\r\n\t<li>фтр т√їюфр фы  эрє°эшъют -&nbsp;3,5-ьь ш срырэёэ√щ 4,4-ьь;</li>\r\n\t<li>яюффхЁцър DLNA, AirPlay ш NAS;</li>\r\n\t<li>ёяюёюсхэ ЁрсюЄрЄ№ ё яюЄюърьш&nbsp;╨╤╠ 32 сшЄр / 384 ъ├Ў&nbsp;ш&nbsp;DSD256, р Єръцх яюыэюЎхээю фхъюфшЁютрЄ№ Їрщы√&nbsp;MQA;</li>\r\n\t<li>20 ўрёют ЁрсюЄ√ эр юфэюь чрЁ фх ръъєьєы ЄюЁр.</li>\r\n</ul>"  }},{  "model": "main.product",  "pk": 31,  "fields": {    "name": "Premiera ╤1 Pro",    "price": 236550,    "maker": 13,    "description": "CD яЁюшуЁ√трЄхы№",    "category": 5,    "color": "╫хЁэ√щ",    "quantity": 12,    "photo": "photo/2025/04/03/3dpslyz7w33rjamzg875ukmgbqunq39t-1280x1280.jpg",    "full_description": "<p>Premiera C1 PRO - т√ёюъюърўхёЄтхээ√щ CD-яЁюшуЁ√трЄхы№.</p>\r\n\r\n<p>╬ёюсхээюёЄш:</p>\r\n\r\n<ul>\r\n\t<li>╓└╧ Cirrus Logic CS4398;</li>\r\n\t<li>тїюф: USB-A фы  Їых°хъ ш цхёЄъшї фшёъют;</li>\r\n\t<li>ёЄхЁхют√їюф фы  эрє°эшъют.</li>\r\n</ul>"  }},{  "model": "main.product",  "pk": 33,  "fields": {    "name": "Naim Uniti Star",    "price": 790000,    "maker": 26,    "description": "╤хЄхтющ рєфшюяыххЁ",    "category": 5,    "color": "╫хЁэ√щ",    "quantity": 2,    "photo": "photo/2025/04/03/uniti-star_34_d.jpg",    "full_description": "<p>╠юфхы№ Naim Uniti Star шьххЄ ¤ыхурэЄэ√щ шэфєёЄЁшры№э√щ фшчрщэ, ъюЄюЁ√щ яю фюёЄюшэёЄтє юЎхэ Є ¤ёЄхЄ√. ╠рЄхЁшрыюь фы  ъюЁяєёр ё сюъют√ьш ЁхсЁрьш юїырцфхэш  ёыєцшЄ ры■ьшэшщ. ╧ЁшёєЄёЄтєхЄ Ёюёъю°э√щ ЎтхЄэющ 5-ф■щьют√щ LCD-фшёяыхщ, р эртхЁїє эрїюфшЄё  ёЄшы№э√щ ъюы№Ўхтющ Ёхуєы ЄюЁ уЁюьъюёЄш ё LED-шыы■ьшэрЎшхщ &mdash; т√ёюъюЄюўэ√щ фшёъЁхЄэ√щ рэрыюуют√щ яюЄхэЎшюьхЄЁ, ъюэЄЁюышЁєхь√щ ЎшЇЁют√ь ъюэЄєЁюь.</p>\r\n\r\n<p>╚ьххЄё  эрсюЁ S/PDIF-тїюфют, тїюф HDMI ё тючтЁрЄэ√ь ърэрыюь ш рэрыюуют√х тїюф√, т Є.ў. DIN-Ёрч·хь. ┼ёЄ№ LAN-яюЁЄ, ярЁр USB фы  тэх°эшї эръюяшЄхыхщ ш ёыюЄ фы  SD-ърЁЄ, р Єръцх Pre Out фы  ёрстєЇхЁр шыш юъюэхўэшър. ╬яЎшюэры№эю фюёЄєяэр єёЄрэютър DAB/FM-Є■эхЁр.</p>\r\n\r\n<p>╬ёюсхээюёЄш:</p>\r\n\r\n<ul>\r\n\t<li>шэфєёЄЁшры№э√щ фшчрщэ, 5-ф■щьют√щ LCD-фшёяыхщ;</li>\r\n\t<li>ью∙э√щ яЁхЎшчшюээ√щ 40-сшЄэ√щ DSP SHARC, ряёхьяышэу ЎшЇЁютюую ёшуэрыр;</li>\r\n\t<li>CD-ЄЁрэёяюЁЄ фы  CD-Ёшяяшэур ш юс√ўэюую яЁюшуЁ√трэш  ъюьяръЄ-фшёъют;</li>\r\n\t<li>°шЁюъшх тючьюцэюёЄш фы  ёЄЁшьшэур ш ёючфрэш  ьєы№ЄшЁєь-ёшёЄхь√, Ёрфшюяєы№Є, фтєїфшрярчюээ√щ Wi-Fi, Bluetooth ё ъюфхъюь aptX-HD;</li>\r\n\t<li>40-сшЄэ√щ SHARC ADSP 21489 4-ую яюъюыхэш ;</li>\r\n\t<li>тючьюцэюёЄ№ ёючфрэш  яюсшЄютющ ъюяшш CD ш хх ёюїЁрэхэш  эр тэх°эхь эръюяшЄхых;</li>\r\n\t<li>ёыюЄ фы  microSD ърЁЄ;</li>\r\n\t<li>яюффхЁцър ЇюЁьрЄют рєфшю: WAV (фю 32 сшЄ/384 ъ├Ў), FLAC (фю 24 сшЄ/384 ъ├Ў), AIFF (фю 24 сшЄ/384 ъ├Ў), ALAC (фю 24 сшЄ/384 ъ├Ў), DSD64, DSD128, MP3, AAC, WMA, OGG, MP3;</li>\r\n</ul>"  }},{  "model": "main.product",  "pk": 35,  "fields": {    "name": "Denon DCD-3000NE Black",    "price": 920000,    "maker": 28,    "description": "CD яЁюшуЁ√трЄхы№",    "category": 5,    "color": "╫хЁэ√щ",    "quantity": 3,    "photo": "photo/2025/04/03/4433720258_w600_h600_4433720258.webp",    "full_description": "<p>Denon DCD-3000NE юсхёяхўштрхЄ схчєяЁхўэюх тюёяЁюшчтхфхэшх SACD/CD ш DSD ё яюью∙№■ 32-сшЄэюую ╓└╧ ё ўрёЄюЄющ 384 ъ├Ў ш Ultra AL32. ╟рярЄхэЄютрээюх яюфртыхэшх тшсЁрЎшщ ш т√ёюъюърўхёЄтхээ√х ъюьяюэхэЄ√ юсхёяхўштр■Є чтєъ схч шёърцхэшщ. ╥∙рЄхы№эр  эрёЄЁющър юсхёяхўштрхЄ ьръёшьры№эю Єюўэюх тюёяЁюшчтхфхэшх чтєър.</p>\r\n\r\n<p>╬ёюсхээюёЄш:</p>\r\n\r\n<ul>\r\n\t<li>юЁшушэры№эр  ъюэёЄЁєъЎш  яЁштюфр фшёъют;</li>\r\n\t<li>тюёяЁюшчтхфхэшх ЎшЇЁютюую рєфшю ё DVD-R/RW эр DSD;</li>\r\n\t<li>ўЄхэшх фшёъют SACD/CD/CD-R/CD-RW, DVD-R/+R/-RW/+RW;</li>\r\n\t<li>ўЄхэшх Їрщыют:&nbsp;WAV, FLAC ALAC, AIFF,&nbsp;MP3 / WMA / AAC</li>\r\n\t<li>єёютхЁ°хэёЄтютрээ√щ 4-ї  фхЁэ√щ ╓└╧ ё ўрёЄюЄющ 384 ъ├Ў/32 сшЄр;</li>\r\n\t<li>ES9018K2M &times; 4 (PCM 384 ъ├Ў / 32 сшЄ, DSD 11.2MHz);</li>\r\n\t<li>тюёяЁюшчтхфхэшх ЎшЇЁютюую рєфшю т ёЄрэфрЁЄэ√ї ЇюЁьрЄрї ш ё т√ёюъшь ЁрчЁх°хэшхь;</li>\r\n\t<li>ъюэёЄЁєъЎш  ╓└╧ Master Clock;</li>\r\n\t<li>юсЁрсюЄър Ultra AL32 7-ую яюъюыхэш ;</li>\r\n\t<li>ушсЁшфэ√щ ьхїрэшчь яЁштюфр фшёъют Denon S.V.H.;</li>\r\n\t<li>Ёхцшь Pure Direct;</li>\r\n\t<li>тэєЄЁхээшх ъюьяюэхэЄ√ рєфшюЇшы№ёъюую ъырёёр;</li>\r\n\t<li>єёютхЁ°хэёЄтютрээр  юсЁрсюЄър ёшуэрыют.</li>\r\n</ul>"  }},{  "model": "main.product",  "pk": 36,  "fields": {    "name": "SMSL DP5 Black",    "price": 502223,    "maker": 31,    "description": "╤хЄхтющ рєфшюяыххЁ",    "category": 5,    "color": "╫хЁэ√щ",    "quantity": 4,    "photo": "photo/2025/04/03/DP5_1.webp",    "full_description": "<p>SMSL DP5 &mdash; ёхЄхтющ ьєч√ъры№э√щ яЁюшуЁ√трЄхы№, яюффхЁцштр■∙шщ тюёяЁюшчтхфхэшх рєфшюЇюЁьрЄют DSD, WAV, APE, FLAC, ALAC, AIFF, MP3; ряярЁрЄ ёэрсц╕э тёхьш ёютЁхьхээ√ьш т√їюфрьш ёшуэрыр (USB, I2S, AES, Coaxial, Optical), т Ёхчєы№ЄрЄх ўхую ь√ яюыєўрхь єэштхЁёры№эюх єёЄЁющёЄтю фы  тюёяЁюшчтхфхэш  ьєч√ъш ё ёрь√ьш Ёрчэ√ьш ёЎхэрЁш ьш шёяюы№чютрэш .</p>\r\n\r\n<p>╬ёюсхээюёЄш:</p>\r\n\r\n<ul>\r\n\t<li>╓└╧ ES9038PRO;</li>\r\n\t<li>ёЄЁшьшэуют√х ёхЁтшё√ ─р;</li>\r\n\t<li>ЇюЁьрЄ√ APE, FLAC, MP3, WAV, CUE, DSF, DFF, SACD, ISO, MQA;</li>\r\n\t<li>ЎшЇЁют√х шэЄхЁЇхщё√ USB, I2S, AES, Coaxial, Optical;</li>\r\n\t<li>єёшышЄхы№ фы  эрє°эшъют ─р;</li>\r\n\t<li>ью∙эюёЄ№, ь┬Є 89;</li>\r\n\t<li>Bluetooth фр;</li>\r\n\t<li>єёшышЄхы№ фы  ръєёЄшъш ═хЄ;</li>\r\n\t<li>яшЄрэшх 220┬.</li>\r\n</ul>"  }},{  "model": "main.product",  "pk": 37,  "fields": {    "name": "Pioneer A-10AE Black",    "price": 237679,    "maker": 29,    "description": "╚эЄхуЁры№э√щ єёшышЄхы№",    "category": 7,    "color": "╫хЁэ√щ",    "quantity": 4,    "photo": "photo/2025/04/03/A-10AE_Black_Hero_2000x2000.png",    "full_description": "<p>Pioneer A-10AE - шэЄхуЁры№э√щ єёшышЄхы№, 2x50 ┬Є, эют√щ фшчрщэ Direct Energy, тїюф Phono MM.</p>\r\n\r\n<p>╬ёюсхээюёЄш:</p>\r\n\r\n<ul>\r\n\t<li>ъюэёЄЁєъЎш  Direct Energy;</li>\r\n\t<li>тёЄЁюхээ√щ ЇюэюъюЁЁхъЄюЁ ╠╠;</li>\r\n\t<li>ры■ьшэшхтр  яхЁхфэ   ярэхы№;</li>\r\n\t<li>Ёхцшь Direct;</li>\r\n\t<li>фхьяЇхЁ√, яЁхя ЄёЄтє■∙шх тючэшъэютхэш■ ёЄю ўшї тюыэ;</li>\r\n\t<li>шчюышЁютрээ√х ёїхь√ яшЄрэш .</li>\r\n</ul>"  }},{  "model": "main.product",  "pk": 38,  "fields": {    "name": "SMSL A200 Black",    "price": 172301,    "maker": 31,    "description": "╚эЄхуЁры№э√щ єёшышЄхы№",    "category": 7,    "color": "╫хЁэ√щ",    "quantity": 1,    "photo": "photo/2025/04/03/SMSL-A200_2.webp",    "full_description": "<p>SMSL A200 - 2-ърэры№э√щ єёшышЄхы№ ё Bluetooth.</p>\r\n\r\n<p>╬ёюсхээюёЄш:</p>\r\n\r\n<ul>\r\n\t<li>фтр ЎшЇЁют√ї єёшышЄхы№э√ї ўшяр Infineon шч ърЁсшфр ъЁхьэш ;</li>\r\n\t<li>¤ЇЇхъЄштэюёЄ№ фю 92% фы  ёэшцхэш  ¤эхЁуюяюЄЁхсыхэш ;</li>\r\n\t<li>ьэюцхёЄтю трЁшрэЄют яюфъы■ўхэш : Bluetooth, юяЄшър, ъюръёшры, HDMI, USB, ышэхщэ√щ тїюф;</li>\r\n\t<li>Єхїэюыюуш  Bluetooth 5.0 фы  ¤ЇЇхъЄштэ√ї схёяЁютюфэ√ї яюфъы■ўхэшщ;</li>\r\n\t<li>ЇєэъЎш  рєфшютючтЁрЄр HDMI (ARC) фы  яЁюёЄющ шэЄхуЁрЎшш фюьр°эхую ъшэюЄхрЄЁр;</li>\r\n\t<li>¤ыхъЄЁюээюх єяЁртыхэшх уЁюьъюёЄ№■ фы  схё°єьэющ ЁхуєышЁютъш;</li>\r\n\t<li>яюффхЁцър юяЄшъш фю 24сшЄ/192ъ├Ў;</li>\r\n\t<li>шэфштшфєры№эр  эрёЄЁющър срёют ш т√ёюъшї ўрёЄюЄ;</li>\r\n\t<li>ёїхьр ъюэЄЁюы  чтєър;</li>\r\n\t<li>тёЄЁюхээ√щ т√ёюъюью∙э√щ сыюъ яшЄрэш , яЁхфэрчэрўхээ√щ фы  рєфшю;</li>\r\n\t<li>т√ёюъюърўхёЄтхээ√щ яєы№Є фшёЄрэЎшюээюую єяЁртыхэш ;</li>\r\n\t<li>ъюьяръЄэ√щ фшчрщэ фы  ушсъюую Ёрчьх∙хэш .</li>\r\n</ul>"  }},{  "model": "main.product",  "pk": 39,  "fields": {    "name": "Onkyo TX-8220 Black",    "price": 267396,    "maker": 30,    "description": "╨хёштхЁ",    "category": 7,    "color": "╫хЁэ√щ",    "quantity": 5,    "photo": "photo/2025/04/03/onkyo_TX_8470_1.webp",    "full_description": "<p>▌ЄюЄ яЁюёЄющ ъюьяюэхэЄ, ъюЄюЁ√щ чтєўшЄ эрьэюую ыєў°х, ўхь яЁхфяюырурхЄ хую ёъЁюьэр  Ўхэр, ёюўхЄрхЄ °шЁюъшщ т√сюЁ трЁшрэЄют яюфъы■ўхэш  ё ўшёЄю рэрыюуютющ Єхїэюыюушхщ єёшыхэш . ╙ эхую шьх■Єё  тёх эхюсїюфшь√х ЎшЇЁют√х рєфшю тїюф√ фы  яюфъы■ўхэш  ЄхыхтшчюЁр ш BD/DVD-яыххЁр, р Єръцх ўхЄ√Ёх рэрыюуют√ї ышэхщэ√ї тїюфр фы  CD-яыххЁют ш ы■с√ї фЁєушї ъюьяюэхэЄют. ╓хээюёЄ№ TX-8220 яют√°р■Є Єръцх тїюф ЇюэюъюЁЁхъЄюЁр фы  яЁюшуЁ√трЄхыхщ тшэшыр ё ╠╠ уюыютърьш, фтр Є■эхЁр фы  FM/RDS ш фы  DAB+ Ёрфшю ё ярь Є№■ эр 40 ёЄрэЎшщ ш тёЄЁюхээр  Єхїэюыюуш  Bluetooth&reg;. ─юёЄрЄюўэю тёхую ыш°№ эхёъюы№ъшї ърёрэшщ ёхэёюЁэюую ¤ъЁрэр, ъышъют ь√°ъш шыш эрцрЄшщ эр ЄЁхъярф, ш ьєч√ър шч яЁшыюцхэшщ эр ьюсшы№э√ї єёЄЁющёЄтрї яюы№хЄё  ўхЁхч тр°ш ръєёЄшўхёъшх ёшёЄхь√ - сыруюфрЁ  ЇєэъЎшш Auto Connect (ртЄюьрЄшўхёъюую яюфъы■ўхэш ). ╬ЎхэшЄх, эрёъюы№ъю ЁхуєышЁютъш ЄхьсЁют ═╫, ┬╫ ш срырэёр, тючьюцэюёЄ№ т√сюЁр юфэющ шч фтєї ярЁ ръєёЄшўхёъшї ёшёЄхь A/B, ш т√їюф яЁхфєёшышЄхы  эр ёрстєЇхЁ, яючтюы ■Є трь эрёЄЁюшЄ№ т√їюфэющ ёшуэры яюф їрЁръЄхЁшёЄшъш ъюэъЁхЄэ√ї ъюыюэюъ, яхЁёюэрышчшЁютрЄ№ ьєы№Єшчюээє■ ъюэЇшуєЁрЎш■, р Єръцх єёшышЄ№ срёют√х ¤ЇЇхъЄ√ (LFE) т ёрєэфЄЁхърї Їшы№ьют. ╚ьх  ўшёЄ√щ, ьшэшьрышёЄёъшщ фшчрщэ ш ьръёшьры№эє■ єэштхЁёры№эюёЄ№, ьюфхы№ TX-8220 яЁхфёЄрты хЄ ёюсющ сюы№°є■ ЎхээюёЄ№.</p>\r\n\r\n<p>╬ёюсхээюёЄш:</p>\r\n\r\n<ul>\r\n\t<li>100 ┬Є/ърэры, ёшёЄхьр єёшыхэш , т√фр■∙р  сюы№°шх Єюъш;</li>\r\n\t<li>Єхїэюыюуш  ёЄЁшьшэур рєфшю яю&nbsp;Bluetooth&reg; яюўЄш ё ы■с√ї єёЄЁющёЄт;</li>\r\n\t<li>Є■эхЁ√ FM/RDS ш DAB/DAB+ Ёрфшю ё ярь Є№■ эр 40 яЁхёхЄют ёЄрэЎшщ;</li>\r\n\t<li>тїюф ЇюэюъюЁЁхъЄюЁр ╠╠, рэрыюуют√х ш ЎшЇЁют√х рєфшю тїюф√;</li>\r\n\t<li>єёшышЄхы№ эр фшёъЁхЄэ√ї ¤ыхьхэЄрї, ёяюёюсэ√щ т√фртрЄ№ сюы№°шх Єюъш;</li>\r\n\t<li>Єхїэюыюуш  °шЁюъюяюыюёэюую єёшыхэш  WRAT (Wide Range Amplifier Technology);</li>\r\n\t<li>ьрёёштэ√щ ╪-юсЁрчэ√щ ёшыютющ ЄЁрэёЇюЁьрЄюЁ, т√фр■∙шщ сюы№°шх Єюъш;</li>\r\n\t<li>чрърчэ√х эръюяшЄхы№э√х ъюэфхэёрЄюЁ√ ш тючьюцэюёЄ№ ЁрсюЄ√ ё эшчъюшьяхфрэёэющ эруЁєчъющ;</li>\r\n\t<li>ёїхьр єёшыхэш  схч ёфтшур Їрч√ ё т√їюфэ√ьш ърёърфрьш эр фшёъЁхЄэ√ї ью∙э√ї ЄЁрэчшёЄюЁрї;</li>\r\n\t<li>╓└╧ (PCM1754) ё ЁрчЁх°хэшхь 192 ъ├Ў/24-сшЄ;</li>\r\n\t<li>Ёхцшь Direct фы  тюёяЁюшчтхфхэш  рєфшю рєЄхэЄшўэюую шёЄюўэшъє;</li>\r\n</ul>"  }},{  "model": "main.product",  "pk": 40,  "fields": {    "name": "SMSL M300 SE Black",    "price": 76670,    "maker": 31,    "description": "╓└╧",    "category": 7,    "color": "╫хЁэ√щ",    "quantity": 3,    "photo": "photo/2025/04/03/SMSL-M300-SE-Black_photo_1.webp",    "full_description": "<p>SMSL M300 SE - ¤Єю ью∙э√щ ш ъюьяръЄэ√щ ╓└╧ ё эхЄшяшўэ√ь ЇюЁь-ЇръЄюЁюь. ╤юўхЄр  т ёхсх т√ёюъюърўхёЄтхээ√х ъюьяюэхэЄ√, юэ  ты хЄё  шфхры№э√ь ёю■чэшъюь, ўЄюс√ яЁхфыюцшЄ№ тр°хщ HiFi рєфшюёшёЄхьх ЎшЇЁю-рэрыюуют√щ яЁхюсЁрчютрЄхы№, ёяюёюсэ√щ тюёяЁюшчтюфшЄ№ тр°ш рєфшюЇрщы√ ё яЁхъЁрёэющ яЁючЁрўэюёЄ№■ ш єфштшЄхы№эющ эрё√∙хээюёЄ№■ чтєър. ╬ёэр∙хэ ярэхы№■ шч чрърыхээюую ёЄхъыр, ўЄю яЁшфрхЄ хьє т√ёюъюъырёёэ√щ ш яЁюўэ√щ тэх°эшщ тшф.</p>\r\n\r\n<p>╬ёюсхээюёЄш:</p>\r\n\r\n<ul>\r\n\t<li>╓└╧ CS43131;</li>\r\n\t<li>яюффхЁцър Bluetooth 5.0;</li>\r\n\t<li>ёяюёюсхэ фхъюфшЁютрЄ№ ш тюёяЁюшчтюфшЄ№ ЇюЁьрЄ MQA;</li>\r\n\t<li>яюффхЁцър 32 сшЄ / 768 ъ├Ў ш DSD256;</li>\r\n\t<li>т√їюф√ фы  эрє°эшъют.</li>\r\n</ul>"  }},{  "model": "main.product",  "pk": 41,  "fields": {    "name": "Cambridge Audio DacMagic 200M Silver",    "price": 432625,    "maker": 27,    "description": "╙ёшышЄхы№-╓└╧ фы  эрє°эшъют",    "category": 7,    "color": "╤хЁхсЁшёЄ√щ",    "quantity": 6,    "photo": "photo/2025/04/03/71oCHPRA2iL.jpg",    "full_description": "<p>╓└╧ DacMagic 200M срчшЁєхЄё  эр фтєї ўшярї ES9028Q2M Sabre 32 юЄ ESS Technology ш Ёхрышчютрэр т ъюэЎхяЎшш &laquo;фтющэюх ьюэю&raquo;. ╓└╧ ёяюёюсхэ юсЁрсрЄ√трЄ№ яюЄюъш PCM ё ЁрчЁх°хэшхь тяыюЄ№ фю 32 сшЄ / 768 ъ├Ў ш DSD тяыюЄ№ фю DSD512. ╩Ёюьх Єюую, Cambridge Audio тяхЁт√х Ёхрышчютрыш яюффхЁцъє ЇюЁьрЄр MQA. ╩юьяюэхэЄ юёэр∙хэ схёяЁютюфэ√ь рфряЄхЁюь Bluetooth тхЁёшш 5.0, яюффхЁцштр■∙шщ ъюфхъш aptX ш AAC, фы  яЁ ьющ ЄЁрэёы Ўшш ьєч√ъш ё яюЁЄрЄштэ√ї урфцхЄют, р Єръцх тёЄЁюхээ√ь єёшышЄхыхь фы  эрє°эшъют, ЁрсюЄр■∙шь т ъырёёх AB.</p>\r\n\r\n<p>╬ёюсхээюёЄш:</p>\r\n\r\n<ul>\r\n\t<li>ъюьяръЄэ√щ ьхЄрыышўхёъшщ ъюЁяєё, фтр ўшяр-ъюэтхЁЄхЁр ESS ES9028Q2M;</li>\r\n\t<li>яюффхЁцър MQA ш DSD;</li>\r\n\t<li>Bluetooth ё яюффхЁцъющ ъюфхър aptX;</li>\r\n\t<li>яюффхЁцър ъюфхъют aptX, AAC, SBC;</li>\r\n\t<li>°шЁюъшщ т√сюЁ ЎшЇЁют√ї тїюфют, рёшэїЁюээ√щ USB, срырэёэ√щ рэрыюуют√щ т√їюф.</li>\r\n</ul>"  }},{  "model": "main.product",  "pk": 42,  "fields": {    "name": "Rotel RA-1592MKII Silver",    "price": 648965,    "maker": 32,    "description": "╚эЄхуЁры№э√щ єёшышЄхы№",    "category": 7,    "color": "╤хЁхсЁшёЄ√щ",    "quantity": 5,    "photo": "photo/2025/04/03/4393374276115f57074558_medium.jpg",    "full_description": "<p>RA-1592MKII т√фрхЄ эр ъюыюэъш эр 8 ╬ь 200 ┬рЄЄ ъырёёр └┬ ш яюффхЁцштрхЄ тр°ш ы■сшь√х рэрыюуют√х, ЎшЇЁют√х тїюф√, XLR, aptXTM ш схёяЁютюфэющ AAC Bluetooth, ╧╩-USB ё MQA ш тїюф√ фы  уюыютъш чтєъюёэшьрЄхы  ё яюфтшцэ√ь ьруэшЄюь. ┬√ёюъюърўхёЄтхээ√щ ╓└╧ эр 32-сшЄр/384ъ├Ў ш Єюўэю юЄЁхуєышЁютрээр  ёїхьр ё Єюўэ√ь яючшЎшюэшЁютрэшхь юсхёяхўштрхЄ схёяЁхЎхфхэЄэюх ърўхёЄтю чтєър.</p>\r\n\r\n<p>╬ёюсхээюёЄш:</p>\r\n\r\n<ul>\r\n\t<li>т√ёюъюърўхёЄтхээ√щ ╓└╧;</li>\r\n\t<li>ёхЁЄшЇшЎшЁютрээюх &quot;Roon Tested&quot; єёЄЁющёЄтю;</li>\r\n\t<li>яюффхЁцър ъюфхър aptX;</li>\r\n\t<li>яюффхЁцър ЇюЁьрЄр MQA;</li>\r\n\t<li>ЇюэюъюЁЁхъЄюЁ MM;</li>\r\n</ul>"  }},{  "model": "main.category",  "pk": 1,  "fields": {    "name": "═рє°эшъш"  }},{  "model": "main.category",  "pk": 2,  "fields": {    "name": "╠шъЁюЇюэ√"  }},{  "model": "main.category",  "pk": 3,  "fields": {    "name": "┬шэшы"  }},{  "model": "main.category",  "pk": 4,  "fields": {    "name": "└ъєёЄшўхёъшх ёшёЄхь√"  }},{  "model": "main.category",  "pk": 5,  "fields": {    "name": "╧ЁюшуЁ√трЄхыш"  }},{  "model": "main.category",  "pk": 6,  "fields": {    "name": "╧ыххЁ√"  }},{  "model": "main.category",  "pk": 7,  "fields": {    "name": "╙ёшышЄхыш ш ╓└╧"  }},{  "model": "main.maker",  "pk": 1,  "fields": {    "name": "Beyerdynamic",    "country": "├хЁьрэш "  }},{  "model": "main.maker",  "pk": 2,  "fields": {    "name": "Sony",    "country": "▀яюэш "  }},{  "model": "main.maker",  "pk": 3,  "fields": {    "name": "Marshall",    "country": "┬хышъюсЁшЄрэш "  }},{  "model": "main.maker",  "pk": 4,  "fields": {    "name": "Audio-Technica",    "country": "▀яюэш "  }},{  "model": "main.maker",  "pk": 5,  "fields": {    "name": "Sennheiser",    "country": "├хЁьрэш "  }},{  "model": "main.maker",  "pk": 6,  "fields": {    "name": "FiiO",    "country": "╩шЄрщ"  }},{  "model": "main.maker",  "pk": 7,  "fields": {    "name": "Noble Audio",    "country": "╤╪└"  }},{  "model": "main.maker",  "pk": 8,  "fields": {    "name": "Bowers & Wilkins",    "country": "┬хышъюсЁшЄрэш "  }},{  "model": "main.maker",  "pk": 9,  "fields": {    "name": "Klipsch",    "country": "╤╪└"  }},{  "model": "main.maker",  "pk": 10,  "fields": {    "name": "Radiotehnika",    "country": "╨юёёш "  }},{  "model": "main.maker",  "pk": 11,  "fields": {    "name": "Amphion",    "country": "╘шэы эфш "  }},{  "model": "main.maker",  "pk": 12,  "fields": {    "name": "Wharfedale",    "country": "┬хышъюсЁшЄрэш "  }},{  "model": "main.maker",  "pk": 13,  "fields": {    "name": "Premiera",    "country": "╨юёёш "  }},{  "model": "main.maker",  "pk": 14,  "fields": {    "name": "Lenco",    "country": "╪тхщЎрЁш "  }},{  "model": "main.maker",  "pk": 15,  "fields": {    "name": "Music Public Kingdom",    "country": "├юэъюэу"  }},{  "model": "main.maker",  "pk": 16,  "fields": {    "name": "Auris",    "country": "╤хЁсш "  }},{  "model": "main.maker",  "pk": 17,  "fields": {    "name": "Shure",    "country": "╤╪└"  }},{  "model": "main.maker",  "pk": 18,  "fields": {    "name": "╤╬▐╟",    "country": "╨юёёш "  }},{  "model": "main.maker",  "pk": 19,  "fields": {    "name": "RODE",    "country": "└тёЄЁрыш "  }},{  "model": "main.maker",  "pk": 20,  "fields": {    "name": "Neumann",    "country": "├хЁьрэш "  }},{  "model": "main.maker",  "pk": 21,  "fields": {    "name": "Universal Audio",    "country": "╤╪└"  }},{  "model": "main.maker",  "pk": 22,  "fields": {    "name": "Hidizs",    "country": "╩шЄрщ"  }},{  "model": "main.maker",  "pk": 23,  "fields": {    "name": "Astell&Kern",    "country": "▐цэр  ╩юЁх "  }},{  "model": "main.maker",  "pk": 24,  "fields": {    "name": "Shanling",    "country": "╩шЄрщ"  }},{  "model": "main.maker",  "pk": 25,  "fields": {    "name": "Lotoo",    "country": "╩шЄрщ"  }},{  "model": "main.maker",  "pk": 26,  "fields": {    "name": "Naim Audio",    "country": "┬хышъюсЁшЄрэш "  }},{  "model": "main.maker",  "pk": 27,  "fields": {    "name": "Cambridge Audio",    "country": "┬хышъюсЁшЄрэш "  }},{  "model": "main.maker",  "pk": 28,  "fields": {    "name": "Denon",    "country": "▀яюэш "  }},{  "model": "main.maker",  "pk": 29,  "fields": {    "name": "Pioneer",    "country": "▀яюэш "  }},{  "model": "main.maker",  "pk": 30,  "fields": {    "name": "Onkyo",    "country": "▀яюэш "  }},{  "model": "main.maker",  "pk": 31,  "fields": {    "name": "SMSL",    "country": "╩шЄрщ"  }},{  "model": "main.maker",  "pk": 32,  "fields": {    "name": "Rotel",    "country": "▀яюэш "  }},{  "model": "cart.order",  "pk": 7,  "fields": {    "user": 4,    "created": "2025-04-03T09:39:48.690Z",    "status": "paid",    "paid": true  }},{  "model": "cart.order",  "pk": 8,  "fields": {    "user": 2,    "created": "2025-04-03T18:30:33.430Z",    "status": "paid",    "paid": true  }},{  "model": "cart.order",  "pk": 9,  "fields": {    "user": 2,    "created": "2025-04-03T18:31:10.891Z",    "status": "paid",    "paid": true  }},{  "model": "cart.order",  "pk": 10,  "fields": {    "user": 2,    "created": "2025-04-04T13:11:27.331Z",    "status": "paid",    "paid": true  }},{  "model": "cart.orderitem",  "pk": 7,  "fields": {    "order": 7,    "product": 40,    "price": "76670.00",    "quantity": 1  }},{  "model": "cart.orderitem",  "pk": 8,  "fields": {    "order": 8,    "product": 10,    "price": "448217.00",    "quantity": 1  }},{  "model": "cart.orderitem",  "pk": 9,  "fields": {    "order": 9,    "product": 41,    "price": "432625.00",    "quantity": 1  }},{  "model": "cart.orderitem",  "pk": 10,  "fields": {    "order": 10,    "product": 25,    "price": "106923.00",    "quantity": 3  }}]